file,hmdb_id,type
HMDB0003072_nmroned_5251_2734492.txt,HMDB0003072,oned_h1
HMDB0000176_nmroned_1144_28428.txt,HMDB0000176,oned_h1
HMDB0000142_nmroned_1165_28515.txt,HMDB0000142,oned_h1
HMDB0002873_nmroned_1910_33109.txt,HMDB0002873,oned_h1
HMDB0000622_nmroned_1440_29992.txt,HMDB0000622,oned_h1
HMDB0000548_nmroned_1415_29734.txt,HMDB0000548,oned_h1
HMDB0001877_nmroned_1774_32149.txt,HMDB0001877,oned_h1
HMDB0000956_nmroned_1621_31387.txt,HMDB0000956,oned_h1
HMDB0000565_nmroned_1422_29806.txt,HMDB0000565,oned_h1
HMDB0002361_nmroned_1881_32984.txt,HMDB0002361,oned_h1
HMDB0001355_nmroned_1686_31754.txt,HMDB0001355,oned_h1
HMDB0001348_nmroned_5242_2734330.txt,HMDB0001348,oned_h1
HMDB0001394_nmroned_5175_2733770.txt,HMDB0001394,oned_h1
HMDB0001570_nmroned_1736_31976.txt,HMDB0001570,oned_h1
HMDB0000208_nmroned_1192_28632.txt,HMDB0000208,oned_h1
HMDB0000053_nmroned_1055_28040.txt,HMDB0000053,oned_h1
HMDB0000301_nmroned_1322_29174.txt,HMDB0000301,oned_h1
HMDB0000139_nmroned_1106_28262.txt,HMDB0000139,oned_h1
HMDB0000508_nmroned_1399_29605.txt,HMDB0000508,oned_h1
HMDB0001565_nmroned_1733_31962.txt,HMDB0001565,oned_h1
HMDB0001856_nmroned_1758_32078.txt,HMDB0001856,oned_h1
HMDB0000251_nmroned_1218_28738.txt,HMDB0000251,oned_h1
HMDB0000617_nmroned_1437_29955.txt,HMDB0000617,oned_h1
HMDB0002362_nmroned_1882_32988.txt,HMDB0002362,oned_h1
HMDB0000033_nmroned_1123_28336.txt,HMDB0000033,oned_h1
HMDB0000026_nmroned_1038_27959.txt,HMDB0000026,oned_h1
HMDB0000848_nmroned_5173_2733465.txt,HMDB0000848,oned_h1
HMDB0001900_nmroned_1790_32271.txt,HMDB0001900,oned_h1
HMDB0002820_nmroned_1906_33090.txt,HMDB0002820,oned_h1
HMDB0001982_nmroned_1828_32766.txt,HMDB0001982,oned_h1
HMDB0002345_nmroned_1876_32965.txt,HMDB0002345,oned_h1
HMDB0001470_nmroned_1712_31869.txt,HMDB0001470,oned_h1
HMDB0000905_nmroned_1282_29005.txt,HMDB0000905,oned_h1
HMDB0001987_nmroned_1829_32770.txt,HMDB0001987,oned_h1
HMDB0000343_nmroned_1338_29245.txt,HMDB0000343,oned_h1
HMDB0302754_nmroned_1401_29613.txt,HMDB0302754,oned_h1
HMDB0000906_nmroned_1284_29013.txt,HMDB0000906,oned_h1
HMDB0000271_nmroned_1224_28763.txt,HMDB0000271,oned_h1
HMDB0000453_nmroned_1377_29442.txt,HMDB0000453,oned_h1
HMDB0000900_nmroned_1593_31166.txt,HMDB0000900,oned_h1
HMDB0001862_nmroned_1764_32103.txt,HMDB0001862,oned_h1
HMDB0001901_nmroned_1791_32275.txt,HMDB0001901,oned_h1
HMDB0001563_nmroned_1732_31958.txt,HMDB0001563,oned_h1
HMDB0001857_nmroned_1759_32082.txt,HMDB0001857,oned_h1
HMDB0000271_nmroned_1307_29109.txt,HMDB0000271,oned_h1
HMDB0000164_nmroned_1127_28354.txt,HMDB0000164,oned_h1
HMDB0000826_nmroned_1557_30930.txt,HMDB0000826,oned_h1
HMDB0000840_nmroned_1562_30966.txt,HMDB0000840,oned_h1
HMDB0000037_nmroned_5247_2734408.txt,HMDB0000037,oned_h1
HMDB0000039_nmroned_1124_28344.txt,HMDB0000039,oned_h1
HMDB0003406_nmroned_1963_33340.txt,HMDB0003406,oned_h1
HMDB0000929_nmroned_1288_29030.txt,HMDB0000929,oned_h1
HMDB0000169_nmroned_5261_2734678.txt,HMDB0000169,oned_h1
HMDB0000925_nmroned_1605_31265.txt,HMDB0000925,oned_h1
HMDB0000718_nmroned_1260_28910.txt,HMDB0000718,oned_h1
HMDB0000206_nmroned_1188_28614.txt,HMDB0000206,oned_h1
HMDB0002390_nmroned_1885_32999.txt,HMDB0002390,oned_h1
HMDB0000097_nmroned_1143_28423.txt,HMDB0000097,oned_h1
HMDB0000125_nmroned_1155_28474.txt,HMDB0000125,oned_h1
HMDB0000126_nmroned_1097_28221.txt,HMDB0000126,oned_h1
HMDB0000670_nmroned_1468_30282.txt,HMDB0000670,oned_h1
HMDB0003409_nmroned_1964_33345.txt,HMDB0003409,oned_h1
HMDB0000119_nmroned_1091_28194.txt,HMDB0000119,oned_h1
HMDB0000881_nmroned_1581_31060.txt,HMDB0000881,oned_h1
HMDB0000904_nmroned_1596_31192.txt,HMDB0000904,oned_h1
HMDB0000729_nmroned_1503_30604.txt,HMDB0000729,oned_h1
HMDB0001919_nmroned_1798_32638.txt,HMDB0001919,oned_h1
HMDB0304210_nmroned_1073_28115.txt,HMDB0304210,oned_h1
HMDB0000754_nmroned_1523_30770.txt,HMDB0000754,oned_h1
HMDB0000087_nmroned_1077_28131.txt,HMDB0000087,oned_h1
HMDB0001943_nmroned_1821_32737.txt,HMDB0001943,oned_h1
HMDB0004041_nmroned_1987_33452.txt,HMDB0004041,oned_h1
HMDB0000101_nmroned_1085_28167.txt,HMDB0000101,oned_h1
HMDB0000408_nmroned_1359_29341.txt,HMDB0000408,oned_h1
HMDB0002925_nmroned_1914_33127.txt,HMDB0002925,oned_h1
HMDB0001929_nmroned_1808_32682.txt,HMDB0001929,oned_h1
HMDB0001201_nmroned_1660_31636.txt,HMDB0001201,oned_h1
HMDB0000719_nmroned_1261_28914.txt,HMDB0000719,oned_h1
HMDB0000011_nmroned_1027_27912.txt,HMDB0000011,oned_h1
HMDB0002927_nmroned_1915_33132.txt,HMDB0002927,oned_h1
HMDB0000288_nmroned_1313_29133.txt,HMDB0000288,oned_h1
HMDB0000292_nmroned_1316_29147.txt,HMDB0000292,oned_h1
HMDB0000355_nmroned_1342_29264.txt,HMDB0000355,oned_h1
HMDB0002393_nmroned_1887_33008.txt,HMDB0002393,oned_h1
HMDB0000902_nmroned_5232_2734231.txt,HMDB0000902,oned_h1
HMDB0003424_nmroned_1969_33370.txt,HMDB0003424,oned_h1
HMDB0000965_nmroned_1626_31427.txt,HMDB0000965,oned_h1
HMDB0000346_nmroned_1339_29250.txt,HMDB0000346,oned_h1
HMDB0005785_nmroned_2024_33620.txt,HMDB0005785,oned_h1
HMDB0001859_nmroned_1761_32091.txt,HMDB0001859,oned_h1
HMDB0000792_nmroned_1544_30866.txt,HMDB0000792,oned_h1
HMDB0000115_nmroned_1089_28185.txt,HMDB0000115,oned_h1
HMDB0001149_nmroned_1650_31592.txt,HMDB0001149,oned_h1
HMDB0000803_nmroned_1547_30881.txt,HMDB0000803,oned_h1
HMDB0000193_nmroned_1169_28531.txt,HMDB0000193,oned_h1
HMDB0000820_nmroned_1555_30914.txt,HMDB0000820,oned_h1
HMDB0001254_nmroned_1669_31678.txt,HMDB0001254,oned_h1
HMDB0001864_nmroned_1765_32107.txt,HMDB0001864,oned_h1
HMDB0000757_nmroned_1526_30784.txt,HMDB0000757,oned_h1
HMDB0002212_nmroned_1865_32918.txt,HMDB0002212,oned_h1
HMDB0001342_nmroned_1684_31744.txt,HMDB0001342,oned_h1
HMDB0001942_nmroned_1820_32732.txt,HMDB0001942,oned_h1
HMDB0000182_nmroned_1194_28638.txt,HMDB0000182,oned_h1
HMDB0002182_nmroned_1861_32901.txt,HMDB0002182,oned_h1
HMDB0003332_nmroned_1951_33289.txt,HMDB0003332,oned_h1
HMDB0000469_nmroned_1384_29506.txt,HMDB0000469,oned_h1
HMDB0002643_nmroned_1896_33043.txt,HMDB0002643,oned_h1
HMDB0001844_nmroned_5256_2734600.txt,HMDB0001844,oned_h1
HMDB0000149_nmroned_1110_28281.txt,HMDB0000149,oned_h1
HMDB0000068_nmroned_1066_28086.txt,HMDB0000068,oned_h1
HMDB0000121_nmroned_1092_28199.txt,HMDB0000121,oned_h1
HMDB0000532_nmroned_1408_29664.txt,HMDB0000532,oned_h1
HMDB0002096_nmroned_1851_32863.txt,HMDB0002096,oned_h1
HMDB0000336_nmroned_1334_29226.txt,HMDB0000336,oned_h1
HMDB0002141_nmroned_1858_32889.txt,HMDB0002141,oned_h1
HMDB0001316_nmroned_1681_31730.txt,HMDB0001316,oned_h1
HMDB0000752_nmroned_1521_30756.txt,HMDB0000752,oned_h1
HMDB0001336_nmroned_1682_31734.txt,HMDB0001336,oned_h1
HMDB0004815_nmroned_2007_33542.txt,HMDB0004815,oned_h1
HMDB0001413_nmroned_5290_2766149.txt,HMDB0001413,oned_h1
HMDB0000703_nmroned_1488_30473.txt,HMDB0000703,oned_h1
HMDB0000010_nmroned_1026_27907.txt,HMDB0000010,oned_h1
HMDB0000294_nmroned_1317_29150.txt,HMDB0000294,oned_h1
HMDB0000731_nmroned_1505_30622.txt,HMDB0000731,oned_h1
HMDB0000782_nmroned_1538_30837.txt,HMDB0000782,oned_h1
HMDB0000646_nmroned_5275_2757800.txt,HMDB0000646,oned_h1
HMDB0001928_nmroned_1807_32677.txt,HMDB0001928,oned_h1
HMDB0000819_nmroned_1554_30910.txt,HMDB0000819,oned_h1
HMDB0002404_nmroned_1888_33013.txt,HMDB0002404,oned_h1
HMDB0006115_nmroned_2036_33675.txt,HMDB0006115,oned_h1
HMDB0001218_nmroned_1663_31650.txt,HMDB0001218,oned_h1
HMDB0001902_nmroned_1792_32280.txt,HMDB0001902,oned_h1
HMDB0000700_nmroned_1486_30455.txt,HMDB0000700,oned_h1
HMDB0001202_nmroned_1661_31641.txt,HMDB0001202,oned_h1
HMDB0000656_nmroned_1458_30178.txt,HMDB0000656,oned_h1
HMDB0001296_nmroned_1678_31716.txt,HMDB0001296,oned_h1
HMDB0003671_nmroned_1982_33430.txt,HMDB0003671,oned_h1
HMDB0001843_nmroned_1748_32035.txt,HMDB0001843,oned_h1
HMDB0001870_nmroned_1769_32123.txt,HMDB0001870,oned_h1
HMDB0000653_nmroned_1457_30165.txt,HMDB0000653,oned_h1
HMDB0001937_nmroned_5181_2733731.txt,HMDB0001937,oned_h1
HMDB0002825_nmroned_1907_33095.txt,HMDB0002825,oned_h1
HMDB0000876_nmroned_5203_2733831.txt,HMDB0000876,oned_h1
HMDB0003464_nmroned_1973_33386.txt,HMDB0003464,oned_h1
HMDB0004122_nmroned_1992_33473.txt,HMDB0004122,oned_h1
HMDB0000329_nmroned_1332_29217.txt,HMDB0000329,oned_h1
HMDB0000251_nmroned_1277_28984.txt,HMDB0000251,oned_h1
HMDB0000812_nmroned_1553_30906.txt,HMDB0000812,oned_h1
HMDB0006331_nmroned_2038_33685.txt,HMDB0006331,oned_h1
HMDB0000392_nmroned_1352_29309.txt,HMDB0000392,oned_h1
HMDB0000045_nmroned_1051_28021.txt,HMDB0000045,oned_h1
HMDB0001927_nmroned_1806_32674.txt,HMDB0001927,oned_h1
HMDB0000910_nmroned_1601_31236.txt,HMDB0000910,oned_h1
HMDB0000827_nmroned_1558_30939.txt,HMDB0000827,oned_h1
HMDB0002199_nmroned_1862_32905.txt,HMDB0002199,oned_h1
HMDB0004136_nmroned_1993_33478.txt,HMDB0004136,oned_h1
HMDB0000555_nmroned_1418_29761.txt,HMDB0000555,oned_h1
HMDB0001184_nmroned_1657_31622.txt,HMDB0001184,oned_h1
HMDB0000982_nmroned_1628_31445.txt,HMDB0000982,oned_h1
HMDB0000766_nmroned_1532_30810.txt,HMDB0000766,oned_h1
HMDB0000294_nmroned_1227_28777.txt,HMDB0000294,oned_h1
HMDB0003075_nmroned_1926_33179.txt,HMDB0003075,oned_h1
HMDB0000421_nmroned_1362_29356.txt,HMDB0000421,oned_h1
HMDB0003405_nmroned_1962_33336.txt,HMDB0003405,oned_h1
HMDB0000462_nmroned_1380_29468.txt,HMDB0000462,oned_h1
HMDB0000767_nmroned_1533_30814.txt,HMDB0000767,oned_h1
HMDB0002327_nmroned_1874_32959.txt,HMDB0002327,oned_h1
HMDB0000538_nmroned_1237_28816.txt,HMDB0000538,oned_h1
HMDB0000122_nmroned_5259_2734637.txt,HMDB0000122,oned_h1
HMDB0002350_nmroned_1878_32973.txt,HMDB0002350,oned_h1
HMDB0003152_nmroned_1930_33196.txt,HMDB0003152,oned_h1
HMDB0000161_nmroned_1178_28570.txt,HMDB0000161,oned_h1
HMDB0000370_nmroned_1348_29290.txt,HMDB0000370,oned_h1
HMDB0000227_nmroned_5269_2734743.txt,HMDB0000227,oned_h1
HMDB0004983_nmroned_2010_33553.txt,HMDB0004983,oned_h1
HMDB0000124_nmroned_1095_28212.txt,HMDB0000124,oned_h1
HMDB0005018_nmroned_2020_33600.txt,HMDB0005018,oned_h1
HMDB0002259_nmroned_1869_32937.txt,HMDB0002259,oned_h1
HMDB0003843_nmroned_1984_33439.txt,HMDB0003843,oned_h1
HMDB0002899_nmroned_1911_33114.txt,HMDB0002899,oned_h1
HMDB0000554_nmroned_1417_29750.txt,HMDB0000554,oned_h1
HMDB0003070_nmroned_1924_33171.txt,HMDB0003070,oned_h1
HMDB0000132_nmroned_1102_28244.txt,HMDB0000132,oned_h1
HMDB0000634_nmroned_1447_30066.txt,HMDB0000634,oned_h1
HMDB0000927_nmroned_1607_31281.txt,HMDB0000927,oned_h1
HMDB0003375_nmroned_1996_33493.txt,HMDB0003375,oned_h1
HMDB0000321_nmroned_1330_29208.txt,HMDB0000321,oned_h1
HMDB0000022_nmroned_1036_27950.txt,HMDB0000022,oned_h1
HMDB0001904_nmroned_1793_32284.txt,HMDB0001904,oned_h1
HMDB0000186_nmroned_1196_28646.txt,HMDB0000186,oned_h1
HMDB0001888_nmroned_1781_32208.txt,HMDB0001888,oned_h1
HMDB0000086_nmroned_1076_28127.txt,HMDB0000086,oned_h1
HMDB0000243_nmroned_1215_28726.txt,HMDB0000243,oned_h1
HMDB0000860_nmroned_1572_31013.txt,HMDB0000860,oned_h1
HMDB0012127_nmroned_2059_33781.txt,HMDB0012127,oned_h1
HMDB0000666_nmroned_1464_30239.txt,HMDB0000666,oned_h1
HMDB0001266_nmroned_1675_31703.txt,HMDB0001266,oned_h1
HMDB0000023_nmroned_1037_27954.txt,HMDB0000023,oned_h1
HMDB0003282_nmroned_1944_33258.txt,HMDB0003282,oned_h1
HMDB0000716_nmroned_1496_30550.txt,HMDB0000716,oned_h1
HMDB0001431_nmroned_1705_31839.txt,HMDB0001431,oned_h1
HMDB0001520_nmroned_1721_31906.txt,HMDB0001520,oned_h1
HMDB0002658_nmroned_1898_33052.txt,HMDB0002658,oned_h1
HMDB0003441_nmroned_1971_33379.txt,HMDB0003441,oned_h1
HMDB0000189_nmroned_1160_28494.txt,HMDB0000189,oned_h1
HMDB0000459_nmroned_1379_29459.txt,HMDB0000459,oned_h1
HMDB0000152_nmroned_1113_28293.txt,HMDB0000152,oned_h1
HMDB0000194_nmroned_1171_28541.txt,HMDB0000194,oned_h1
HMDB0001892_nmroned_1785_32236.txt,HMDB0001892,oned_h1
HMDB0002712_nmroned_1901_33066.txt,HMDB0002712,oned_h1
HMDB0000693_nmroned_5198_2733604.txt,HMDB0000693,oned_h1
HMDB0001129_nmroned_1647_31579.txt,HMDB0001129,oned_h1
HMDB0000995_nmroned_1630_31462.txt,HMDB0000995,oned_h1
HMDB0001587_nmroned_1738_31985.txt,HMDB0001587,oned_h1
HMDB0000755_nmroned_1524_30774.txt,HMDB0000755,oned_h1
HMDB0000205_nmroned_1185_28601.txt,HMDB0000205,oned_h1
HMDB0003033_nmroned_1922_33161.txt,HMDB0003033,oned_h1
HMDB0000230_nmroned_1247_28856.txt,HMDB0000230,oned_h1
HMDB0000296_nmroned_1228_28781.txt,HMDB0000296,oned_h1
HMDB0003315_nmroned_1948_33278.txt,HMDB0003315,oned_h1
HMDB0000087_nmroned_1138_28401.txt,HMDB0000087,oned_h1
HMDB0005846_nmroned_2032_33656.txt,HMDB0005846,oned_h1
HMDB0000167_nmroned_1129_28363.txt,HMDB0000167,oned_h1
HMDB0003417_nmroned_1966_33355.txt,HMDB0003417,oned_h1
HMDB0000885_nmroned_1584_31085.txt,HMDB0000885,oned_h1
HMDB0011653_nmroned_2053_33757.txt,HMDB0011653,oned_h1
HMDB0001858_nmroned_1760_32087.txt,HMDB0001858,oned_h1
HMDB0002107_nmroned_1854_32873.txt,HMDB0002107,oned_h1
HMDB0000172_nmroned_1136_28397.txt,HMDB0000172,oned_h1
HMDB0006478_nmroned_2040_33695.txt,HMDB0006478,oned_h1
HMDB0004110_nmroned_1991_33468.txt,HMDB0004110,oned_h1
HMDB0003828_nmroned_1983_33434.txt,HMDB0003828,oned_h1
HMDB0000131_nmroned_1159_28490.txt,HMDB0000131,oned_h1
HMDB0000870_nmroned_1278_28988.txt,HMDB0000870,oned_h1
HMDB0000134_nmroned_1163_28507.txt,HMDB0000134,oned_h1
HMDB0000735_nmroned_1509_30652.txt,HMDB0000735,oned_h1
HMDB0000490_nmroned_1391_29567.txt,HMDB0000490,oned_h1
HMDB0005812_nmroned_2030_33646.txt,HMDB0005812,oned_h1
HMDB0002455_nmroned_1892_33028.txt,HMDB0002455,oned_h1
HMDB0001955_nmroned_1823_32745.txt,HMDB0001955,oned_h1
HMDB0000899_nmroned_1592_31153.txt,HMDB0000899,oned_h1
HMDB0004487_nmroned_2002_33521.txt,HMDB0004487,oned_h1
HMDB0000639_nmroned_1450_30093.txt,HMDB0000639,oned_h1
HMDB0001568_nmroned_1734_31966.txt,HMDB0001568,oned_h1
HMDB0000930_nmroned_1609_31295.txt,HMDB0000930,oned_h1
HMDB0000226_nmroned_1238_28820.txt,HMDB0000226,oned_h1
HMDB0000407_nmroned_1358_29337.txt,HMDB0000407,oned_h1
HMDB0000428_nmroned_1366_29373.txt,HMDB0000428,oned_h1
HMDB0000906_nmroned_1598_31212.txt,HMDB0000906,oned_h1
HMDB0000232_nmroned_1249_28864.txt,HMDB0000232,oned_h1
HMDB0003423_nmroned_1968_33365.txt,HMDB0003423,oned_h1
HMDB0000908_nmroned_1600_31229.txt,HMDB0000908,oned_h1
HMDB0000365_nmroned_1347_29287.txt,HMDB0000365,oned_h1
HMDB0001173_nmroned_1655_31613.txt,HMDB0001173,oned_h1
HMDB0000258_nmroned_1220_28748.txt,HMDB0000258,oned_h1
HMDB0000426_nmroned_1365_29369.txt,HMDB0000426,oned_h1
HMDB0000092_nmroned_1079_28141.txt,HMDB0000092,oned_h1
HMDB0000364_nmroned_1346_29283.txt,HMDB0000364,oned_h1
HMDB0004811_nmroned_2004_33529.txt,HMDB0004811,oned_h1
HMDB0000719_nmroned_1498_30560.txt,HMDB0000719,oned_h1
HMDB0001220_nmroned_1664_31655.txt,HMDB0001220,oned_h1
HMDB0001311_nmroned_1680_31725.txt,HMDB0001311,oned_h1
HMDB0000488_nmroned_5162_2733388.txt,HMDB0000488,oned_h1
HMDB0000638_nmroned_1449_30084.txt,HMDB0000638,oned_h1
HMDB0000783_nmroned_1539_30842.txt,HMDB0000783,oned_h1
HMDB0011632_nmroned_2050_33744.txt,HMDB0011632,oned_h1
HMDB0000005_nmroned_1024_27899.txt,HMDB0000005,oned_h1
HMDB0000042_nmroned_1126_28349.txt,HMDB0000042,oned_h1
HMDB0000590_nmroned_1432_29909.txt,HMDB0000590,oned_h1
HMDB0000050_nmroned_1131_28371.txt,HMDB0000050,oned_h1
HMDB0000174_nmroned_5280_2765987.txt,HMDB0000174,oned_h1
HMDB0000625_nmroned_1442_30012.txt,HMDB0000625,oned_h1
HMDB0000296_nmroned_1319_29160.txt,HMDB0000296,oned_h1
HMDB0005994_nmroned_2033_33661.txt,HMDB0005994,oned_h1
HMDB0004586_nmroned_2003_33526.txt,HMDB0004586,oned_h1
HMDB0002068_nmroned_1845_32839.txt,HMDB0002068,oned_h1
HMDB0000269_nmroned_1306_29104.txt,HMDB0000269,oned_h1
HMDB0001548_nmroned_5252_2734533.txt,HMDB0001548,oned_h1
HMDB0000273_nmroned_1309_29117.txt,HMDB0000273,oned_h1
HMDB0000798_nmroned_1545_30871.txt,HMDB0000798,oned_h1
HMDB0000156_nmroned_1173_28548.txt,HMDB0000156,oned_h1
HMDB0000479_nmroned_1388_29540.txt,HMDB0000479,oned_h1
HMDB0002359_nmroned_1880_32981.txt,HMDB0002359,oned_h1
HMDB0004327_nmroned_1997_33498.txt,HMDB0004327,oned_h1
HMDB0003573_nmroned_5187_2733693.txt,HMDB0003573,oned_h1
HMDB0001890_nmroned_1783_32220.txt,HMDB0001890,oned_h1
HMDB0000694_nmroned_1482_30419.txt,HMDB0000694,oned_h1
HMDB0005038_nmroned_2022_33610.txt,HMDB0005038,oned_h1
HMDB0000034_nmroned_1043_27982.txt,HMDB0000034,oned_h1
HMDB0000220_nmroned_1217_28734.txt,HMDB0000220,oned_h1
HMDB0005356_nmroned_2023_33615.txt,HMDB0005356,oned_h1
HMDB0000039_nmroned_1047_28002.txt,HMDB0000039,oned_h1
HMDB0000056_nmroned_1058_28054.txt,HMDB0000056,oned_h1
HMDB0000747_nmroned_1517_30724.txt,HMDB0000747,oned_h1
HMDB0001406_nmroned_1299_29074.txt,HMDB0001406,oned_h1
HMDB0000766_nmroned_1270_28952.txt,HMDB0000766,oned_h1
HMDB0000243_nmroned_1266_28935.txt,HMDB0000243,oned_h1
HMDB0000630_nmroned_1445_30044.txt,HMDB0000630,oned_h1
HMDB0000875_nmroned_1579_31043.txt,HMDB0000875,oned_h1
HMDB0000745_nmroned_1515_30705.txt,HMDB0000745,oned_h1
HMDB0000509_nmroned_1400_29609.txt,HMDB0000509,oned_h1
HMDB0000272_nmroned_1308_29113.txt,HMDB0000272,oned_h1
HMDB0000032_nmroned_1041_27972.txt,HMDB0000032,oned_h1
HMDB0341410_nmroned_1025_27902.txt,HMDB0341410,oned_h1
HMDB0000056_nmroned_1133_28380.txt,HMDB0000056,oned_h1
HMDB0001197_nmroned_1659_31631.txt,HMDB0001197,oned_h1
HMDB0001511_nmroned_1720_31901.txt,HMDB0001511,oned_h1
HMDB0000753_nmroned_1522_30767.txt,HMDB0000753,oned_h1
HMDB0000774_nmroned_1535_30823.txt,HMDB0000774,oned_h1
HMDB0000714_nmroned_1258_28901.txt,HMDB0000714,oned_h1
HMDB0000398_nmroned_1355_29322.txt,HMDB0000398,oned_h1
HMDB0000142_nmroned_1107_28267.txt,HMDB0000142,oned_h1
HMDB0001940_nmroned_1818_32724.txt,HMDB0001940,oned_h1
HMDB0002092_nmroned_1850_32858.txt,HMDB0002092,oned_h1
HMDB0003306_nmroned_1946_33268.txt,HMDB0003306,oned_h1
HMDB0000262_nmroned_1297_29067.txt,HMDB0000262,oned_h1
HMDB0000943_nmroned_5243_2734347.txt,HMDB0000943,oned_h1
HMDB0001542_nmroned_1727_31935.txt,HMDB0001542,oned_h1
HMDB0000216_nmroned_1212_28713.txt,HMDB0000216,oned_h1
HMDB0000517_nmroned_1404_29627.txt,HMDB0000517,oned_h1
HMDB0003355_nmroned_1956_33308.txt,HMDB0003355,oned_h1
HMDB0003334_nmroned_1952_33293.txt,HMDB0003334,oned_h1
HMDB0000828_nmroned_1559_30948.txt,HMDB0000828,oned_h1
HMDB0000258_nmroned_1293_29051.txt,HMDB0000258,oned_h1
HMDB0000699_nmroned_1256_28892.txt,HMDB0000699,oned_h1
HMDB0000641_nmroned_1452_30114.txt,HMDB0000641,oned_h1
HMDB0002348_nmroned_1877_32970.txt,HMDB0002348,oned_h1
HMDB0000852_nmroned_1568_30993.txt,HMDB0000852,oned_h1
HMDB0000158_nmroned_1117_28311.txt,HMDB0000158,oned_h1
HMDB0002004_nmroned_1833_32789.txt,HMDB0002004,oned_h1
HMDB0000518_nmroned_1405_29631.txt,HMDB0000518,oned_h1
HMDB0000098_nmroned_1145_28432.txt,HMDB0000098,oned_h1
HMDB0001248_nmroned_1668_31673.txt,HMDB0001248,oned_h1
HMDB0002923_nmroned_5224_2734077.txt,HMDB0002923,oned_h1
HMDB0011745_nmroned_5229_2734176.txt,HMDB0011745,oned_h1
HMDB0000706_nmroned_1491_30503.txt,HMDB0000706,oned_h1
HMDB0000452_nmroned_1376_29433.txt,HMDB0000452,oned_h1
HMDB0000738_nmroned_1511_30669.txt,HMDB0000738,oned_h1
HMDB0240773_nmroned_1180_28579.txt,HMDB0240773,oned_h1
HMDB0000290_nmroned_1314_29138.txt,HMDB0000290,oned_h1
HMDB0000512_nmroned_1403_29622.txt,HMDB0000512,oned_h1
HMDB0000772_nmroned_1534_30818.txt,HMDB0000772,oned_h1
HMDB0000725_nmroned_1263_28922.txt,HMDB0000725,oned_h1
HMDB0000267_nmroned_1303_29091.txt,HMDB0000267,oned_h1
HMDB0001544_nmroned_1728_31939.txt,HMDB0001544,oned_h1
HMDB0001409_nmroned_1701_31820.txt,HMDB0001409,oned_h1
HMDB0000138_nmroned_5205_2733867.txt,HMDB0000138,oned_h1
HMDB0001069_nmroned_1641_31551.txt,HMDB0001069,oned_h1
HMDB0000211_nmroned_1200_28662.txt,HMDB0000211,oned_h1
HMDB0001855_nmroned_1757_32074.txt,HMDB0001855,oned_h1
HMDB0000546_nmroned_1414_29724.txt,HMDB0000546,oned_h1
HMDB0000131_nmroned_1101_28239.txt,HMDB0000131,oned_h1
HMDB0000883_nmroned_1582_31068.txt,HMDB0000883,oned_h1
HMDB0000535_nmroned_1409_29673.txt,HMDB0000535,oned_h1
HMDB0001547_nmroned_1730_31949.txt,HMDB0001547,oned_h1
HMDB0002802_nmroned_1905_33086.txt,HMDB0002802,oned_h1
HMDB0001003_nmroned_1631_31471.txt,HMDB0001003,oned_h1
HMDB0002005_nmroned_5212_2733931.txt,HMDB0002005,oned_h1
HMDB0000157_nmroned_1116_28306.txt,HMDB0000157,oned_h1
HMDB0000859_nmroned_1571_31008.txt,HMDB0000859,oned_h1
HMDB0000169_nmroned_5262_2734682.txt,HMDB0000169,oned_h1
HMDB0000806_nmroned_1549_30888.txt,HMDB0000806,oned_h1
HMDB0002994_nmroned_1920_33152.txt,HMDB0002994,oned_h1
HMDB0000845_nmroned_1564_30974.txt,HMDB0000845,oned_h1
HMDB0003364_nmroned_1958_33317.txt,HMDB0003364,oned_h1
HMDB0000888_nmroned_1585_31094.txt,HMDB0000888,oned_h1
HMDB0000394_nmroned_1354_29318.txt,HMDB0000394,oned_h1
HMDB0001183_nmroned_1656_31618.txt,HMDB0001183,oned_h1
HMDB0000609_nmroned_1435_29937.txt,HMDB0000609,oned_h1
HMDB0004476_nmroned_2001_33516.txt,HMDB0004476,oned_h1
HMDB0000181_nmroned_1149_28448.txt,HMDB0000181,oned_h1
HMDB0000920_nmroned_1603_31249.txt,HMDB0000920,oned_h1
HMDB0003269_nmroned_1943_33254.txt,HMDB0003269,oned_h1
HMDB0003249_nmroned_1940_33240.txt,HMDB0003249,oned_h1
HMDB0000718_nmroned_1497_30555.txt,HMDB0000718,oned_h1
HMDB0000211_nmroned_1205_28682.txt,HMDB0000211,oned_h1
HMDB0242149_nmroned_1912_33117.txt,HMDB0242149,oned_h1
HMDB0000162_nmroned_1179_28574.txt,HMDB0000162,oned_h1
HMDB0001861_nmroned_1763_32099.txt,HMDB0001861,oned_h1
HMDB0001624_nmroned_1739_31990.txt,HMDB0001624,oned_h1
HMDB0002917_nmroned_5250_2734472.txt,HMDB0002917,oned_h1
HMDB0000071_nmroned_1068_28095.txt,HMDB0000071,oned_h1
HMDB0000954_nmroned_1619_31369.txt,HMDB0000954,oned_h1
HMDB0000127_nmroned_1156_28478.txt,HMDB0000127,oned_h1
HMDB0001403_nmroned_1699_31811.txt,HMDB0001403,oned_h1
HMDB0000092_nmroned_1140_28410.txt,HMDB0000092,oned_h1
HMDB0000123_nmroned_1153_28465.txt,HMDB0000123,oned_h1
HMDB0000134_nmroned_1104_28253.txt,HMDB0000134,oned_h1
HMDB0000014_nmroned_1119_28324.txt,HMDB0000014,oned_h1
HMDB0000225_nmroned_1235_28808.txt,HMDB0000225,oned_h1
HMDB0000387_nmroned_5227_2734127.txt,HMDB0000387,oned_h1
HMDB0002001_nmroned_1831_32779.txt,HMDB0002001,oned_h1
HMDB0003164_nmroned_1934_33212.txt,HMDB0003164,oned_h1
HMDB0001920_nmroned_5179_2733331.txt,HMDB0001920,oned_h1
HMDB0001434_nmroned_1707_31846.txt,HMDB0001434,oned_h1
HMDB0000172_nmroned_1189_28618.txt,HMDB0000172,oned_h1
HMDB0250776_nmroned_1834_32793.txt,HMDB0250776,oned_h1
HMDB0001078_nmroned_1642_31555.txt,HMDB0001078,oned_h1
HMDB0000650_nmroned_1455_30141.txt,HMDB0000650,oned_h1
HMDB0001569_nmroned_1735_31971.txt,HMDB0001569,oned_h1
HMDB0005801_nmroned_2028_33639.txt,HMDB0005801,oned_h1
HMDB0250782_nmroned_1198_28654.txt,HMDB0250782,oned_h1
HMDB0001366_nmroned_1688_31764.txt,HMDB0001366,oned_h1
HMDB0003156_nmroned_1932_33205.txt,HMDB0003156,oned_h1
HMDB0000958_nmroned_1623_31403.txt,HMDB0000958,oned_h1
HMDB0000338_nmroned_1335_29231.txt,HMDB0000338,oned_h1
HMDB0003320_nmroned_1949_33283.txt,HMDB0003320,oned_h1
HMDB0001889_nmroned_1782_32212.txt,HMDB0001889,oned_h1
HMDB0000720_nmroned_1499_30567.txt,HMDB0000720,oned_h1
HMDB0000729_nmroned_1264_28926.txt,HMDB0000729,oned_h1
HMDB0000462_nmroned_1233_28800.txt,HMDB0000462,oned_h1
HMDB0014352_nmroned_5202_2733822.txt,HMDB0014352,oned_h1
HMDB0015122_nmroned_5194_2733715.txt,HMDB0015122,oned_h1
HMDB0000791_nmroned_1543_30861.txt,HMDB0000791,oned_h1
HMDB0002085_nmroned_1848_32851.txt,HMDB0002085,oned_h1
HMDB0003312_nmroned_1947_33273.txt,HMDB0003312,oned_h1
HMDB0000742_nmroned_5208_2733898.txt,HMDB0000742,oned_h1
HMDB0006219_nmroned_2037_33680.txt,HMDB0006219,oned_h1
HMDB0005800_nmroned_2027_33634.txt,HMDB0005800,oned_h1
HMDB0000014_nmroned_1029_27921.txt,HMDB0000014,oned_h1
HMDB0003265_nmroned_1942_33250.txt,HMDB0003265,oned_h1
HMDB0001067_nmroned_5228_2734168.txt,HMDB0001067,oned_h1
HMDB0000955_nmroned_1620_31378.txt,HMDB0000955,oned_h1
HMDB0000052_nmroned_1054_28036.txt,HMDB0000052,oned_h1
HMDB0000695_nmroned_1483_30431.txt,HMDB0000695,oned_h1
HMDB0000216_nmroned_1208_28695.txt,HMDB0000216,oned_h1
HMDB0001923_nmroned_1802_32657.txt,HMDB0001923,oned_h1
HMDB0011733_nmroned_2055_33765.txt,HMDB0011733,oned_h1
HMDB0001906_nmroned_1305_29099.txt,HMDB0001906,oned_h1
HMDB0001257_nmroned_1671_31686.txt,HMDB0001257,oned_h1
HMDB0001397_nmroned_1696_31798.txt,HMDB0001397,oned_h1
HMDB0000043_nmroned_5277_2757931.txt,HMDB0000043,oned_h1
HMDB0000094_nmroned_1141_28414.txt,HMDB0000094,oned_h1
HMDB0000097_nmroned_1082_28154.txt,HMDB0000097,oned_h1
HMDB0001873_nmroned_1771_32132.txt,HMDB0001873,oned_h1
HMDB0000201_nmroned_5159_2733377.txt,HMDB0000201,oned_h1
HMDB0011600_nmroned_2043_33709.txt,HMDB0011600,oned_h1
HMDB0000224_nmroned_1226_28773.txt,HMDB0000224,oned_h1
HMDB0001938_nmroned_1816_32716.txt,HMDB0001938,oned_h1
HMDB0001238_nmroned_1667_31668.txt,HMDB0001238,oned_h1
HMDB0001891_nmroned_1784_32227.txt,HMDB0001891,oned_h1
HMDB0000440_nmroned_1231_28793.txt,HMDB0000440,oned_h1
HMDB0000299_nmroned_1320_29165.txt,HMDB0000299,oned_h1
HMDB0000107_nmroned_1147_28440.txt,HMDB0000107,oned_h1
HMDB0000259_nmroned_1294_29054.txt,HMDB0000259,oned_h1
HMDB0001256_nmroned_1670_31682.txt,HMDB0001256,oned_h1
HMDB0000335_nmroned_1333_29222.txt,HMDB0000335,oned_h1
HMDB0003553_nmroned_1977_33406.txt,HMDB0003553,oned_h1
HMDB0001538_nmroned_1726_31930.txt,HMDB0001538,oned_h1
HMDB0000788_nmroned_1542_30856.txt,HMDB0000788,oned_h1
HMDB0000209_nmroned_1195_28642.txt,HMDB0000209,oned_h1
HMDB0000740_nmroned_5170_2733436.txt,HMDB0000740,oned_h1
HMDB0000112_nmroned_1150_28452.txt,HMDB0000112,oned_h1
HMDB0000163_nmroned_1181_28583.txt,HMDB0000163,oned_h1
HMDB0000592_nmroned_1433_29918.txt,HMDB0000592,oned_h1
HMDB0003911_nmroned_1985_33443.txt,HMDB0003911,oned_h1
HMDB0000050_nmroned_1053_28031.txt,HMDB0000050,oned_h1
HMDB0000161_nmroned_1120_28323.txt,HMDB0000161,oned_h1
HMDB0001366_nmroned_1295_29058.txt,HMDB0001366,oned_h1
HMDB0000687_nmroned_1251_28872.txt,HMDB0000687,oned_h1
HMDB0000895_nmroned_1589_31128.txt,HMDB0000895,oned_h1
HMDB0011628_nmroned_2049_33739.txt,HMDB0011628,oned_h1
HMDB0000691_nmroned_1480_30402.txt,HMDB0000691,oned_h1
HMDB0000308_nmroned_1326_29191.txt,HMDB0000308,oned_h1
HMDB0001401_nmroned_1698_31806.txt,HMDB0001401,oned_h1
HMDB0000821_nmroned_1556_30922.txt,HMDB0000821,oned_h1
HMDB0002055_nmroned_1842_32828.txt,HMDB0002055,oned_h1
HMDB0000374_nmroned_1349_29295.txt,HMDB0000374,oned_h1
HMDB0000350_nmroned_5244_2734367.txt,HMDB0000350,oned_h1
HMDB0000228_nmroned_1242_28836.txt,HMDB0000228,oned_h1
HMDB0000699_nmroned_1485_30447.txt,HMDB0000699,oned_h1
HMDB0000568_nmroned_5166_2733407.txt,HMDB0000568,oned_h1
HMDB0001432_nmroned_1706_31842.txt,HMDB0001432,oned_h1
HMDB0000143_nmroned_1166_28521.txt,HMDB0000143,oned_h1
HMDB0003352_nmroned_1955_33304.txt,HMDB0003352,oned_h1
HMDB0000262_nmroned_1222_28755.txt,HMDB0000262,oned_h1
HMDB0000112_nmroned_1088_28180.txt,HMDB0000112,oned_h1
HMDB0000208_nmroned_1202_28670.txt,HMDB0000208,oned_h1
HMDB0002432_nmroned_1890_33021.txt,HMDB0002432,oned_h1
HMDB0000239_nmroned_1262_28918.txt,HMDB0000239,oned_h1
HMDB0003366_nmroned_1959_33321.txt,HMDB0003366,oned_h1
HMDB0001490_nmroned_1717_31889.txt,HMDB0001490,oned_h1
HMDB0002649_nmroned_1897_33048.txt,HMDB0002649,oned_h1
HMDB0003134_nmroned_1929_33193.txt,HMDB0003134,oned_h1
HMDB0001866_nmroned_1766_32111.txt,HMDB0001866,oned_h1
HMDB0000089_nmroned_1078_28136.txt,HMDB0000089,oned_h1
HMDB0002780_nmroned_1904_33081.txt,HMDB0002780,oned_h1
HMDB0000082_nmroned_1074_28119.txt,HMDB0000082,oned_h1
HMDB0001934_nmroned_1812_32699.txt,HMDB0001934,oned_h1
HMDB0001867_nmroned_1767_32115.txt,HMDB0001867,oned_h1
HMDB0003646_nmroned_1981_33425.txt,HMDB0003646,oned_h1
HMDB0000866_nmroned_1574_31023.txt,HMDB0000866,oned_h1
HMDB0000896_nmroned_1590_31137.txt,HMDB0000896,oned_h1
HMDB0001160_nmroned_1652_31601.txt,HMDB0001160,oned_h1
HMDB0001460_nmroned_1711_31864.txt,HMDB0001460,oned_h1
HMDB0005016_nmroned_2019_33595.txt,HMDB0005016,oned_h1
HMDB0000235_nmroned_1211_28708.txt,HMDB0000235,oned_h1
HMDB0000746_nmroned_1516_30714.txt,HMDB0000746,oned_h1
HMDB0000663_nmroned_1462_30224.txt,HMDB0000663,oned_h1
HMDB0000904_nmroned_1281_29001.txt,HMDB0000904,oned_h1
HMDB0001847_nmroned_1751_32048.txt,HMDB0001847,oned_h1
HMDB0000001_nmroned_1022_27891.txt,HMDB0000001,oned_h1
HMDB0001944_nmroned_1822_32741.txt,HMDB0001944,oned_h1
HMDB0000620_nmroned_1439_29979.txt,HMDB0000620,oned_h1
HMDB0000925_nmroned_1286_29022.txt,HMDB0000925,oned_h1
HMDB0002064_nmroned_1844_32836.txt,HMDB0002064,oned_h1
HMDB0002024_nmroned_1836_32801.txt,HMDB0002024,oned_h1
HMDB0000279_nmroned_1310_29121.txt,HMDB0000279,oned_h1
HMDB0001046_nmroned_1635_31505.txt,HMDB0001046,oned_h1
HMDB0000306_nmroned_1325_29187.txt,HMDB0000306,oned_h1
HMDB0000300_nmroned_1321_29170.txt,HMDB0000300,oned_h1
HMDB0000012_nmroned_1028_27917.txt,HMDB0000012,oned_h1
HMDB0000168_nmroned_1186_28605.txt,HMDB0000168,oned_h1
HMDB0004992_nmroned_2012_33563.txt,HMDB0004992,oned_h1
HMDB0001123_nmroned_1646_31574.txt,HMDB0001123,oned_h1
HMDB0002222_nmroned_1866_32923.txt,HMDB0002222,oned_h1
HMDB0000689_nmroned_1479_30395.txt,HMDB0000689,oned_h1
HMDB0002229_nmroned_1867_32927.txt,HMDB0002229,oned_h1
HMDB0000302_nmroned_1323_29179.txt,HMDB0000302,oned_h1
HMDB0000187_nmroned_1157_28482.txt,HMDB0000187,oned_h1
HMDB0000528_nmroned_1406_29640.txt,HMDB0000528,oned_h1
HMDB0000442_nmroned_1371_29397.txt,HMDB0000442,oned_h1
HMDB0000123_nmroned_1094_28208.txt,HMDB0000123,oned_h1
HMDB0000195_nmroned_1174_28553.txt,HMDB0000195,oned_h1
HMDB0000630_nmroned_1243_28840.txt,HMDB0000630,oned_h1
HMDB0001894_nmroned_1787_32257.txt,HMDB0001894,oned_h1
HMDB0001259_nmroned_1672_31691.txt,HMDB0001259,oned_h1
HMDB0000108_nmroned_1148_28444.txt,HMDB0000108,oned_h1
HMDB0001921_nmroned_1800_32647.txt,HMDB0001921,oned_h1
HMDB0000894_nmroned_1588_31120.txt,HMDB0000894,oned_h1
HMDB0002072_nmroned_1846_32843.txt,HMDB0002072,oned_h1
HMDB0004987_nmroned_2011_33558.txt,HMDB0004987,oned_h1
HMDB0000562_nmroned_1239_28824.txt,HMDB0000562,oned_h1
HMDB0000159_nmroned_1118_28315.txt,HMDB0000159,oned_h1
HMDB0000191_nmroned_1164_28511.txt,HMDB0000191,oned_h1
HMDB0000235_nmroned_1255_28888.txt,HMDB0000235,oned_h1
HMDB0003543_nmroned_1975_33396.txt,HMDB0003543,oned_h1
HMDB0003331_nmroned_1950_33286.txt,HMDB0003331,oned_h1
HMDB0001051_nmroned_1637_31517.txt,HMDB0001051,oned_h1
HMDB0000759_nmroned_1527_30788.txt,HMDB0000759,oned_h1
HMDB0000108_nmroned_1087_28175.txt,HMDB0000108,oned_h1
HMDB0000286_nmroned_5218_2733957.txt,HMDB0000286,oned_h1
HMDB0001874_nmroned_1772_32136.txt,HMDB0001874,oned_h1
HMDB0000898_nmroned_1591_31145.txt,HMDB0000898,oned_h1
HMDB0000150_nmroned_1172_28544.txt,HMDB0000150,oned_h1
HMDB0001871_nmroned_1770_32128.txt,HMDB0001871,oned_h1
HMDB0003640_nmroned_1980_33421.txt,HMDB0003640,oned_h1
HMDB0001151_nmroned_1651_31596.txt,HMDB0001151,oned_h1
HMDB0002931_nmroned_1917_33139.txt,HMDB0002931,oned_h1
HMDB0000871_nmroned_1576_31032.txt,HMDB0000871,oned_h1
HMDB0001392_nmroned_1694_31789.txt,HMDB0001392,oned_h1
HMDB0000237_nmroned_1257_28897.txt,HMDB0000237,oned_h1
HMDB0000819_nmroned_1274_28970.txt,HMDB0000819,oned_h1
HMDB0000957_nmroned_1622_31395.txt,HMDB0000957,oned_h1
HMDB0005794_nmroned_2026_33629.txt,HMDB0005794,oned_h1
HMDB0000544_nmroned_1413_29716.txt,HMDB0000544,oned_h1
HMDB0000223_nmroned_1223_28764.txt,HMDB0000223,oned_h1
HMDB0000246_nmroned_1271_28957.txt,HMDB0000246,oned_h1
HMDB0304435_nmroned_1210_28704.txt,HMDB0304435,oned_h1
HMDB0000234_nmroned_1252_28876.txt,HMDB0000234,oned_h1
HMDB0000098_nmroned_1083_28159.txt,HMDB0000098,oned_h1
HMDB0000857_nmroned_1569_30998.txt,HMDB0000857,oned_h1
HMDB0000576_nmroned_1428_29863.txt,HMDB0000576,oned_h1
HMDB0000582_nmroned_1431_29898.txt,HMDB0000582,oned_h1
HMDB0011619_nmroned_2047_33729.txt,HMDB0011619,oned_h1
HMDB0000159_nmroned_1177_28566.txt,HMDB0000159,oned_h1
HMDB0252876_nmroned_1500_30576.txt,HMDB0252876,oned_h1
HMDB0000748_nmroned_1518_30732.txt,HMDB0000748,oned_h1
HMDB0000263_nmroned_1298_29075.txt,HMDB0000263,oned_h1
HMDB0000060_nmroned_1060_28062.txt,HMDB0000060,oned_h1
HMDB0240219_nmroned_1938_33230.txt,HMDB0240219,oned_h1
HMDB0000714_nmroned_1494_30534.txt,HMDB0000714,oned_h1
HMDB0000247_nmroned_1273_28966.txt,HMDB0000247,oned_h1
HMDB0004437_nmroned_1999_33506.txt,HMDB0004437,oned_h1
HMDB0000237_nmroned_1213_28717.txt,HMDB0000237,oned_h1
HMDB0002434_nmroned_1891_33024.txt,HMDB0002434,oned_h1
HMDB0001935_nmroned_5180_2733666.txt,HMDB0001935,oned_h1
HMDB0000217_nmroned_5238_2734284.txt,HMDB0000217,oned_h1
HMDB0000265_nmroned_1301_29084.txt,HMDB0000265,oned_h1
HMDB0005005_nmroned_2016_33580.txt,HMDB0005005,oned_h1
HMDB0000759_nmroned_1269_28948.txt,HMDB0000759,oned_h1
HMDB0000192_nmroned_1167_28523.txt,HMDB0000192,oned_h1
HMDB0000975_nmroned_1289_29035.txt,HMDB0000975,oned_h1
HMDB0003012_nmroned_1921_33156.txt,HMDB0003012,oned_h1
HMDB0000415_nmroned_1361_29351.txt,HMDB0000415,oned_h1
HMDB0002074_nmroned_1847_32847.txt,HMDB0002074,oned_h1
HMDB0000164_nmroned_1182_28587.txt,HMDB0000164,oned_h1
HMDB0000704_nmroned_1489_30482.txt,HMDB0000704,oned_h1
HMDB0000347_nmroned_1340_29255.txt,HMDB0000347,oned_h1
HMDB0001941_nmroned_1819_32728.txt,HMDB0001941,oned_h1
HMDB0000939_nmroned_1613_31333.txt,HMDB0000939,oned_h1
HMDB0000130_nmroned_1100_28234.txt,HMDB0000130,oned_h1
HMDB0000562_nmroned_1420_29782.txt,HMDB0000562,oned_h1
HMDB0000214_nmroned_1207_28691.txt,HMDB0000214,oned_h1
HMDB0011634_nmroned_2051_33748.txt,HMDB0011634,oned_h1
HMDB0003066_nmroned_1923_33166.txt,HMDB0003066,oned_h1
HMDB0000158_nmroned_1175_28557.txt,HMDB0000158,oned_h1
HMDB0000667_nmroned_1465_30250.txt,HMDB0000667,oned_h1
HMDB0000529_nmroned_1407_29653.txt,HMDB0000529,oned_h1
HMDB0000076_nmroned_1071_28107.txt,HMDB0000076,oned_h1
HMDB0000061_nmroned_1061_28066.txt,HMDB0000061,oned_h1
HMDB0003231_nmroned_5185_2733540.txt,HMDB0003231,oned_h1
HMDB0001440_nmroned_1708_31851.txt,HMDB0001440,oned_h1
HMDB0000863_nmroned_1573_31018.txt,HMDB0000863,oned_h1
HMDB0005035_nmroned_2021_33605.txt,HMDB0005035,oned_h1
HMDB0000761_nmroned_5171_2733450.txt,HMDB0000761,oned_h1
HMDB0001406_nmroned_1700_31816.txt,HMDB0001406,oned_h1
HMDB0002097_nmroned_1852_32866.txt,HMDB0002097,oned_h1
HMDB0000466_nmroned_1381_29476.txt,HMDB0000466,oned_h1
HMDB0000696_nmroned_1254_28884.txt,HMDB0000696,oned_h1
HMDB0004094_nmroned_1989_33462.txt,HMDB0004094,oned_h1
HMDB0001932_nmroned_1810_32690.txt,HMDB0001932,oned_h1
HMDB0000133_nmroned_1161_28498.txt,HMDB0000133,oned_h1
HMDB0000573_nmroned_1425_29838.txt,HMDB0000573,oned_h1
HMDB0002123_nmroned_1856_32881.txt,HMDB0002123,oned_h1
HMDB0002128_nmroned_1857_32885.txt,HMDB0002128,oned_h1
HMDB0004816_nmroned_2008_33545.txt,HMDB0004816,oned_h1
HMDB0004350_nmroned_1998_33503.txt,HMDB0004350,oned_h1
HMDB0001886_nmroned_1780_32199.txt,HMDB0001886,oned_h1
HMDB0003361_nmroned_1957_33313.txt,HMDB0003361,oned_h1
HMDB0003403_nmroned_1961_33331.txt,HMDB0003403,oned_h1
HMDB0000413_nmroned_1360_29346.txt,HMDB0000413,oned_h1
HMDB0000577_nmroned_1429_29876.txt,HMDB0000577,oned_h1
HMDB0000019_nmroned_1033_27937.txt,HMDB0000019,oned_h1
HMDB0006355_nmroned_2039_33690.txt,HMDB0006355,oned_h1
HMDB0000405_nmroned_1357_29332.txt,HMDB0000405,oned_h1
HMDB0000921_nmroned_1604_31253.txt,HMDB0000921,oned_h1
HMDB0002467_nmroned_1893_33033.txt,HMDB0002467,oned_h1
HMDB0001522_nmroned_1722_31911.txt,HMDB0001522,oned_h1
HMDB0001491_nmroned_1718_31894.txt,HMDB0001491,oned_h1
HMDB0011599_nmroned_2042_33704.txt,HMDB0011599,oned_h1
HMDB0004230_nmroned_1994_33483.txt,HMDB0004230,oned_h1
HMDB0000671_nmroned_5249_2734455.txt,HMDB0000671,oned_h1
HMDB0000736_nmroned_5169_2733423.txt,HMDB0000736,oned_h1
HMDB0000564_nmroned_1421_29795.txt,HMDB0000564,oned_h1
HMDB0003418_nmroned_5219_2733983.txt,HMDB0003418,oned_h1
HMDB0001659_nmroned_1304_29095.txt,HMDB0001659,oned_h1
HMDB0000682_nmroned_1475_30356.txt,HMDB0000682,oned_h1
HMDB0000784_nmroned_1540_30846.txt,HMDB0000784,oned_h1
HMDB0000929_nmroned_1608_31286.txt,HMDB0000929,oned_h1
HMDB0000474_nmroned_1387_29531.txt,HMDB0000474,oned_h1
HMDB0000016_nmroned_1031_27929.txt,HMDB0000016,oned_h1
HMDB0002511_nmroned_1894_33036.txt,HMDB0002511,oned_h1
HMDB0001933_nmroned_1811_32694.txt,HMDB0001933,oned_h1
HMDB0000429_nmroned_1367_29378.txt,HMDB0000429,oned_h1
HMDB0000163_nmroned_1125_28345.txt,HMDB0000163,oned_h1
HMDB0000303_nmroned_1324_29182.txt,HMDB0000303,oned_h1
HMDB0000363_nmroned_1345_29278.txt,HMDB0000363,oned_h1
HMDB0000099_nmroned_1084_28163.txt,HMDB0000099,oned_h1
HMDB0000254_nmroned_1219_28742.txt,HMDB0000254,oned_h1
HMDB0000434_nmroned_1368_29382.txt,HMDB0000434,oned_h1
HMDB0001885_nmroned_1779_32186.txt,HMDB0001885,oned_h1
HMDB0255414_nmroned_1640_31542.txt,HMDB0255414,oned_h1
HMDB0003447_nmroned_1972_33383.txt,HMDB0003447,oned_h1
HMDB0000933_nmroned_1610_31303.txt,HMDB0000933,oned_h1
HMDB0001485_nmroned_1714_31877.txt,HMDB0001485,oned_h1
HMDB0000907_nmroned_1599_31219.txt,HMDB0000907,oned_h1
HMDB0000222_nmroned_1221_28751.txt,HMDB0000222,oned_h1
HMDB0002928_nmroned_1916_33135.txt,HMDB0002928,oned_h1
HMDB0001881_nmroned_5264_2734714.txt,HMDB0001881,oned_h1
HMDB0000687_nmroned_1477_30375.txt,HMDB0000687,oned_h1
HMDB0002026_nmroned_1837_32806.txt,HMDB0002026,oned_h1
HMDB0000959_nmroned_1624_31409.txt,HMDB0000959,oned_h1
HMDB0000300_nmroned_1229_28785.txt,HMDB0000300,oned_h1
HMDB0001895_nmroned_1788_32262.txt,HMDB0001895,oned_h1
HMDB0000107_nmroned_1086_28171.txt,HMDB0000107,oned_h1
HMDB0004814_nmroned_2006_33539.txt,HMDB0004814,oned_h1
HMDB0003290_nmroned_1945_33263.txt,HMDB0003290,oned_h1
HMDB0001926_nmroned_1805_32671.txt,HMDB0001926,oned_h1
HMDB0000151_nmroned_1112_28289.txt,HMDB0000151,oned_h1
HMDB0001830_nmroned_1746_32025.txt,HMDB0001830,oned_h1
HMDB0001860_nmroned_1762_32095.txt,HMDB0001860,oned_h1
HMDB0001494_nmroned_1719_31897.txt,HMDB0001494,oned_h1
HMDB0000202_nmroned_1201_28666.txt,HMDB0000202,oned_h1
HMDB0003099_nmroned_1927_33184.txt,HMDB0003099,oned_h1
HMDB0000212_nmroned_1203_28677.txt,HMDB0000212,oned_h1
HMDB0000688_nmroned_1478_30383.txt,HMDB0000688,oned_h1
HMDB0000883_nmroned_1279_28992.txt,HMDB0000883,oned_h1
HMDB0003157_nmroned_1933_33208.txt,HMDB0003157,oned_h1
HMDB0001939_nmroned_1817_32719.txt,HMDB0001939,oned_h1
HMDB0000536_nmroned_5270_2734754.txt,HMDB0000536,oned_h1
HMDB0000252_nmroned_5241_2734312.txt,HMDB0000252,oned_h1
HMDB0001358_nmroned_1687_31759.txt,HMDB0001358,oned_h1
HMDB0000847_nmroned_1565_30979.txt,HMDB0000847,oned_h1
HMDB0000913_nmroned_1602_31245.txt,HMDB0000913,oned_h1
HMDB0002721_nmroned_1902_33071.txt,HMDB0002721,oned_h1
HMDB0002205_nmroned_1863_32909.txt,HMDB0002205,oned_h1
HMDB0000733_nmroned_1507_30642.txt,HMDB0000733,oned_h1
HMDB0000125_nmroned_1096_28217.txt,HMDB0000125,oned_h1
HMDB0001120_nmroned_1645_31569.txt,HMDB0001120,oned_h1
HMDB0000500_nmroned_1394_29582.txt,HMDB0000500,oned_h1
HMDB0243631_nmroned_1750_32044.txt,HMDB0243631,oned_h1
HMDB0000197_nmroned_1176_28562.txt,HMDB0000197,oned_h1
HMDB0001868_nmroned_1768_32119.txt,HMDB0001868,oned_h1
HMDB0001975_nmroned_1827_32762.txt,HMDB0001975,oned_h1
HMDB0002545_nmroned_1895_33039.txt,HMDB0002545,oned_h1
HMDB0000424_nmroned_1364_29364.txt,HMDB0000424,oned_h1
HMDB0001852_nmroned_5195_2733649.txt,HMDB0001852,oned_h1
HMDB0000073_nmroned_1070_28102.txt,HMDB0000073,oned_h1
HMDB0000711_nmroned_1493_30522.txt,HMDB0000711,oned_h1
HMDB0000665_nmroned_1463_30232.txt,HMDB0000665,oned_h1
HMDB0004982_nmroned_2009_33549.txt,HMDB0004982,oned_h1
HMDB0000148_nmroned_1109_28277.txt,HMDB0000148,oned_h1
HMDB0000448_nmroned_1374_29411.txt,HMDB0000448,oned_h1
HMDB0011723_nmroned_2054_33761.txt,HMDB0011723,oned_h1
HMDB0002991_nmroned_1919_33148.txt,HMDB0002991,oned_h1
HMDB0000440_nmroned_1370_29392.txt,HMDB0000440,oned_h1
HMDB0000779_nmroned_1536_30827.txt,HMDB0000779,oned_h1
HMDB0000756_nmroned_1525_30779.txt,HMDB0000756,oned_h1
HMDB0001879_nmroned_1776_32163.txt,HMDB0001879,oned_h1
HMDB0000628_nmroned_1444_30032.txt,HMDB0000628,oned_h1
HMDB0003501_nmroned_1824_32750.txt,HMDB0003501,oned_h1
HMDB0002176_nmroned_1860_32897.txt,HMDB0002176,oned_h1
HMDB0001414_nmroned_1703_31829.txt,HMDB0001414,oned_h1
HMDB0000070_nmroned_1067_28090.txt,HMDB0000070,oned_h1
HMDB0000944_nmroned_1615_31345.txt,HMDB0000944,oned_h1
HMDB0000501_nmroned_1395_29586.txt,HMDB0000501,oned_h1
HMDB0000167_nmroned_1184_28596.txt,HMDB0000167,oned_h1
HMDB0001786_nmroned_1745_32020.txt,HMDB0001786,oned_h1
HMDB0001973_nmroned_1826_32758.txt,HMDB0001973,oned_h1
HMDB0000318_nmroned_1329_29203.txt,HMDB0000318,oned_h1
HMDB0000482_nmroned_1389_29549.txt,HMDB0000482,oned_h1
HMDB0003966_nmroned_5253_2734556.txt,HMDB0003966,oned_h1
HMDB0001044_nmroned_1634_31501.txt,HMDB0001044,oned_h1
HMDB0001721_nmroned_1744_32015.txt,HMDB0001721,oned_h1
HMDB0011749_nmroned_2057_33773.txt,HMDB0011749,oned_h1
HMDB0000786_nmroned_1541_30851.txt,HMDB0000786,oned_h1
HMDB0002755_nmroned_1903_33076.txt,HMDB0002755,oned_h1
HMDB0000190_nmroned_1197_28650.txt,HMDB0000190,oned_h1
HMDB0003416_nmroned_1965_33350.txt,HMDB0003416,oned_h1
HMDB0000143_nmroned_1108_28272.txt,HMDB0000143,oned_h1
HMDB0011623_nmroned_2048_33734.txt,HMDB0011623,oned_h1
HMDB0000858_nmroned_1570_31003.txt,HMDB0000858,oned_h1
HMDB0000060_nmroned_1135_28389.txt,HMDB0000060,oned_h1
HMDB0003254_nmroned_1941_33245.txt,HMDB0003254,oned_h1
HMDB0001209_nmroned_1662_31646.txt,HMDB0001209,oned_h1
HMDB0002059_nmroned_1843_32832.txt,HMDB0002059,oned_h1
HMDB0001846_nmroned_5178_2733509.txt,HMDB0001846,oned_h1
HMDB0000781_nmroned_1537_30832.txt,HMDB0000781,oned_h1
HMDB0000122_nmroned_5260_2734641.txt,HMDB0000122,oned_h1
HMDB0001398_nmroned_1697_31802.txt,HMDB0001398,oned_h1
HMDB0000493_nmroned_1393_29577.txt,HMDB0000493,oned_h1
HMDB0000325_nmroned_1331_29212.txt,HMDB0000325,oned_h1
HMDB0000030_nmroned_1039_27963.txt,HMDB0000030,oned_h1
HMDB0000020_nmroned_1034_27941.txt,HMDB0000020,oned_h1
HMDB0001850_nmroned_1754_32061.txt,HMDB0001850,oned_h1
HMDB0001487_nmroned_5177_2733312.txt,HMDB0001487,oned_h1
HMDB0000750_nmroned_1520_30748.txt,HMDB0000750,oned_h1
HMDB0000446_nmroned_5199_2733255.txt,HMDB0000446,oned_h1
HMDB0000315_nmroned_1328_29199.txt,HMDB0000315,oned_h1
HMDB0006050_nmroned_2035_33670.txt,HMDB0006050,oned_h1
HMDB0000042_nmroned_1048_28007.txt,HMDB0000042,oned_h1
HMDB0000038_nmroned_5248_2734426.txt,HMDB0000038,oned_h1
HMDB0002670_nmroned_1899_33057.txt,HMDB0002670,oned_h1
HMDB0002364_nmroned_1883_32993.txt,HMDB0002364,oned_h1
HMDB0254327_nmroned_1937_33226.txt,HMDB0254327,oned_h1
HMDB0001273_nmroned_1676_31708.txt,HMDB0001273,oned_h1
HMDB0001913_nmroned_1795_32625.txt,HMDB0001913,oned_h1
HMDB0000450_nmroned_1375_29424.txt,HMDB0000450,oned_h1
HMDB0011635_nmroned_2052_33752.txt,HMDB0011635,oned_h1
HMDB0005792_nmroned_2025_33625.txt,HMDB0005792,oned_h1
HMDB0000002_nmroned_1023_27894.txt,HMDB0000002,oned_h1
HMDB0000673_nmroned_1471_30311.txt,HMDB0000673,oned_h1
HMDB0001372_nmroned_1691_31776.txt,HMDB0001372,oned_h1
HMDB0000177_nmroned_1146_28439.txt,HMDB0000177,oned_h1
HMDB0000186_nmroned_1154_28470.txt,HMDB0000186,oned_h1
HMDB0000439_nmroned_1369_29387.txt,HMDB0000439,oned_h1
HMDB0034224_nmroned_1909_33105.txt,HMDB0034224,oned_h1
HMDB0002048_nmroned_1841_32823.txt,HMDB0002048,oned_h1
HMDB0000517_nmroned_1236_28812.txt,HMDB0000517,oned_h1
HMDB0000623_nmroned_1441_30000.txt,HMDB0000623,oned_h1
HMDB0001488_nmroned_1716_31885.txt,HMDB0001488,oned_h1
HMDB0000021_nmroned_1035_27945.txt,HMDB0000021,oned_h1
HMDB0001851_nmroned_1755_32065.txt,HMDB0001851,oned_h1
HMDB0001232_nmroned_1666_31664.txt,HMDB0001232,oned_h1
HMDB0000247_nmroned_1216_28730.txt,HMDB0000247,oned_h1
HMDB0005015_nmroned_2018_33590.txt,HMDB0005015,oned_h1
HMDB0001186_nmroned_1658_31626.txt,HMDB0001186,oned_h1
HMDB0000214_nmroned_1206_28687.txt,HMDB0000214,oned_h1
HMDB0000543_nmroned_1412_29703.txt,HMDB0000543,oned_h1
HMDB0001925_nmroned_1804_32666.txt,HMDB0001925,oned_h1
HMDB0001525_nmroned_1723_31915.txt,HMDB0001525,oned_h1
HMDB0001532_nmroned_1724_31920.txt,HMDB0001532,oned_h1
HMDB0004296_nmroned_1995_33488.txt,HMDB0004296,oned_h1
HMDB0001389_nmroned_1693_31785.txt,HMDB0001389,oned_h1
HMDB0000807_nmroned_1550_30891.txt,HMDB0000807,oned_h1
HMDB0001414_nmroned_1300_29079.txt,HMDB0001414,oned_h1
HMDB0000448_nmroned_1232_28797.txt,HMDB0000448,oned_h1
HMDB0001878_nmroned_1775_32157.txt,HMDB0001878,oned_h1
HMDB0000574_nmroned_1241_28832.txt,HMDB0000574,oned_h1
HMDB0000660_nmroned_1460_30200.txt,HMDB0000660,oned_h1
HMDB0000926_nmroned_1287_29026.txt,HMDB0000926,oned_h1
HMDB0000095_nmroned_1081_28150.txt,HMDB0000095,oned_h1
HMDB0000870_nmroned_1575_31028.txt,HMDB0000870,oned_h1
HMDB0002039_nmroned_1838_32810.txt,HMDB0002039,oned_h1
HMDB0000725_nmroned_1501_30589.txt,HMDB0000725,oned_h1
HMDB0001882_nmroned_1778_32182.txt,HMDB0001882,oned_h1
HMDB0003217_nmroned_1936_33222.txt,HMDB0003217,oned_h1
HMDB0000872_nmroned_1577_31035.txt,HMDB0000872,oned_h1
HMDB0001388_nmroned_1692_31781.txt,HMDB0001388,oned_h1
HMDB0000670_nmroned_1250_28868.txt,HMDB0000670,oned_h1
HMDB0000033_nmroned_1042_27977.txt,HMDB0000033,oned_h1
HMDB0000765_nmroned_1531_30806.txt,HMDB0000765,oned_h1
HMDB0001169_nmroned_1653_31605.txt,HMDB0001169,oned_h1
HMDB0003349_nmroned_1954_33301.txt,HMDB0003349,oned_h1
HMDB0001476_nmroned_1713_31873.txt,HMDB0001476,oned_h1
HMDB0000749_nmroned_1519_30741.txt,HMDB0000749,oned_h1
HMDB0002040_nmroned_1839_32815.txt,HMDB0002040,oned_h1
HMDB0000884_nmroned_1583_31077.txt,HMDB0000884,oned_h1
HMDB0000467_nmroned_1382_29484.txt,HMDB0000467,oned_h1
HMDB0000660_nmroned_1246_28853.txt,HMDB0000660,oned_h1
HMDB0000631_nmroned_1446_30057.txt,HMDB0000631,oned_h1
HMDB0000473_nmroned_1386_29523.txt,HMDB0000473,oned_h1
HMDB0000156_nmroned_1115_28302.txt,HMDB0000156,oned_h1
HMDB0000567_nmroned_1423_29819.txt,HMDB0000567,oned_h1
HMDB0001140_nmroned_1649_31588.txt,HMDB0001140,oned_h1
HMDB0000975_nmroned_1627_31436.txt,HMDB0000975,oned_h1
HMDB0001341_nmroned_1683_31739.txt,HMDB0001341,oned_h1
HMDB0003154_nmroned_1931_33201.txt,HMDB0003154,oned_h1
HMDB0002706_nmroned_1900_33062.txt,HMDB0002706,oned_h1
HMDB0000191_nmroned_1199_28658.txt,HMDB0000191,oned_h1
HMDB0003431_nmroned_1970_33374.txt,HMDB0003431,oned_h1
HMDB0001401_nmroned_1296_29063.txt,HMDB0001401,oned_h1
HMDB0000043_nmroned_5276_2757927.txt,HMDB0000043,oned_h1
HMDB0002835_nmroned_1908_33100.txt,HMDB0002835,oned_h1
HMDB0000177_nmroned_1193_28634.txt,HMDB0000177,oned_h1
HMDB0000821_nmroned_1275_28974.txt,HMDB0000821,oned_h1
HMDB0002043_nmroned_1840_32818.txt,HMDB0002043,oned_h1
HMDB0001833_nmroned_1747_32030.txt,HMDB0001833,oned_h1
HMDB0000953_nmroned_1618_31366.txt,HMDB0000953,oned_h1
HMDB0000991_nmroned_1629_31454.txt,HMDB0000991,oned_h1
HMDB0001107_nmroned_1644_31564.txt,HMDB0001107,oned_h1
HMDB0002939_nmroned_1918_33144.txt,HMDB0002939,oned_h1
HMDB0000937_nmroned_1612_31320.txt,HMDB0000937,oned_h1
HMDB0000378_nmroned_1350_29300.txt,HMDB0000378,oned_h1
HMDB0001659_nmroned_1742_32005.txt,HMDB0001659,oned_h1
HMDB0000127_nmroned_1098_28226.txt,HMDB0000127,oned_h1
HMDB0000058_nmroned_1059_28058.txt,HMDB0000058,oned_h1
HMDB0002339_nmroned_1875_32962.txt,HMDB0002339,oned_h1
HMDB0000020_nmroned_1121_28328.txt,HMDB0000020,oned_h1
HMDB0000455_nmroned_1378_29450.txt,HMDB0000455,oned_h1
HMDB0000764_nmroned_1530_30801.txt,HMDB0000764,oned_h1
HMDB0001294_nmroned_1677_31711.txt,HMDB0001294,oned_h1
HMDB0002356_nmroned_1879_32978.txt,HMDB0002356,oned_h1
HMDB0302211_nmroned_1855_32876.txt,HMDB0302211,oned_h1
HMDB0000444_nmroned_1372_29402.txt,HMDB0000444,oned_h1
HMDB0000707_nmroned_1492_30513.txt,HMDB0000707,oned_h1
HMDB0000626_nmroned_1443_30020.txt,HMDB0000626,oned_h1
HMDB0000640_nmroned_1451_30104.txt,HMDB0000640,oned_h1
HMDB0000873_nmroned_1578_31039.txt,HMDB0000873,oned_h1
HMDB0000661_nmroned_1461_30213.txt,HMDB0000661,oned_h1
HMDB0000291_nmroned_1315_29143.txt,HMDB0000291,oned_h1
HMDB0000672_nmroned_1470_30303.txt,HMDB0000672,oned_h1
HMDB0000669_nmroned_1248_28860.txt,HMDB0000669,oned_h1
HMDB0000055_nmroned_1057_28050.txt,HMDB0000055,oned_h1
HMDB0005000_nmroned_2015_33575.txt,HMDB0005000,oned_h1
HMDB0000217_nmroned_5237_2734279.txt,HMDB0000217,oned_h1
HMDB0000128_nmroned_1099_28230.txt,HMDB0000128,oned_h1
HMDB0000691_nmroned_1253_28880.txt,HMDB0000691,oned_h1
HMDB0001170_nmroned_1654_31609.txt,HMDB0001170,oned_h1
HMDB0003634_nmroned_1979_33416.txt,HMDB0003634,oned_h1
HMDB0000079_nmroned_5271_2734780.txt,HMDB0000079,oned_h1
HMDB0304435_nmroned_1214_28722.txt,HMDB0304435,oned_h1
HMDB0001713_nmroned_1743_32010.txt,HMDB0001713,oned_h1
HMDB0001227_nmroned_1665_31659.txt,HMDB0001227,oned_h1
HMDB0000842_nmroned_1563_30969.txt,HMDB0000842,oned_h1
HMDB0000715_nmroned_1495_30543.txt,HMDB0000715,oned_h1
HMDB0000072_nmroned_1069_28099.txt,HMDB0000072,oned_h1
HMDB0000701_nmroned_1487_30464.txt,HMDB0000701,oned_h1
HMDB0000175_nmroned_1142_28419.txt,HMDB0000175,oned_h1
HMDB0001930_nmroned_1809_32686.txt,HMDB0001930,oned_h1
HMDB0000721_nmroned_5201_2733276.txt,HMDB0000721,oned_h1
HMDB0000892_nmroned_1586_31103.txt,HMDB0000892,oned_h1
HMDB0004095_nmroned_1990_33465.txt,HMDB0004095,oned_h1
HMDB0000511_nmroned_1402_29617.txt,HMDB0000511,oned_h1
HMDB0001924_nmroned_1803_32662.txt,HMDB0001924,oned_h1
HMDB0000008_nmroned_5245_2734397.txt,HMDB0000008,oned_h1
HMDB0000730_nmroned_1504_30613.txt,HMDB0000730,oned_h1
HMDB0000182_nmroned_1151_28457.txt,HMDB0000182,oned_h1
HMDB0002210_nmroned_1864_32914.txt,HMDB0002210,oned_h1
HMDB0002099_nmroned_1853_32870.txt,HMDB0002099,oned_h1
HMDB0002006_nmroned_1835_32797.txt,HMDB0002006,oned_h1
HMDB0001423_nmroned_5176_2733480.txt,HMDB0001423,oned_h1
HMDB0000676_nmroned_1473_30335.txt,HMDB0000676,oned_h1
HMDB0002391_nmroned_1886_33004.txt,HMDB0002391,oned_h1
HMDB0000726_nmroned_1502_30597.txt,HMDB0000726,oned_h1
HMDB0243522_nmroned_1978_33411.txt,HMDB0243522,oned_h1
HMDB0000468_nmroned_1383_29497.txt,HMDB0000468,oned_h1
HMDB0000209_nmroned_1204_28678.txt,HMDB0000209,oned_h1
HMDB0000678_nmroned_1474_30343.txt,HMDB0000678,oned_h1
HMDB0001537_nmroned_1725_31925.txt,HMDB0001537,oned_h1
HMDB0003474_nmroned_1974_33391.txt,HMDB0003474,oned_h1
HMDB0247294_nmroned_1046_27997.txt,HMDB0247294,oned_h1
HMDB0002322_nmroned_1873_32955.txt,HMDB0002322,oned_h1
HMDB0000947_nmroned_1617_31362.txt,HMDB0000947,oned_h1
HMDB0002302_nmroned_1870_32941.txt,HMDB0002302,oned_h1
HMDB0000696_nmroned_1484_30438.txt,HMDB0000696,oned_h1
HMDB0001906_nmroned_1794_32289.txt,HMDB0001906,oned_h1
HMDB0000635_nmroned_1448_30076.txt,HMDB0000635,oned_h1
HMDB0000849_nmroned_1567_30988.txt,HMDB0000849,oned_h1
HMDB0000202_nmroned_1183_28592.txt,HMDB0000202,oned_h1
HMDB0001875_nmroned_1773_32141.txt,HMDB0001875,oned_h1
HMDB0001049_nmroned_1636_31509.txt,HMDB0001049,oned_h1
HMDB0000118_nmroned_1090_28189.txt,HMDB0000118,oned_h1
HMDB0000341_nmroned_1337_29240.txt,HMDB0000341,oned_h1
HMDB0001310_nmroned_1679_31721.txt,HMDB0001310,oned_h1
HMDB0000893_nmroned_1587_31112.txt,HMDB0000893,oned_h1
HMDB0000283_nmroned_1311_29126.txt,HMDB0000283,oned_h1
HMDB0000575_nmroned_1427_29855.txt,HMDB0000575,oned_h1
HMDB0000128_nmroned_1158_28486.txt,HMDB0000128,oned_h1
HMDB0000557_nmroned_1419_29769.txt,HMDB0000557,oned_h1
HMDB0000054_nmroned_1056_28045.txt,HMDB0000054,oned_h1
HMDB0001896_nmroned_1789_32267.txt,HMDB0001896,oned_h1
HMDB0000150_nmroned_1111_28285.txt,HMDB0000150,oned_h1
HMDB0000669_nmroned_1467_30273.txt,HMDB0000669,oned_h1
HMDB0001101_nmroned_1643_31560.txt,HMDB0001101,oned_h1
HMDB0000962_nmroned_1625_31420.txt,HMDB0000962,oned_h1
HMDB0011603_nmroned_2044_33714.txt,HMDB0011603,oned_h1
HMDB0002308_nmroned_5204_2733850.txt,HMDB0002308,oned_h1
HMDB0001264_nmroned_5274_2734797.txt,HMDB0001264,oned_h1
HMDB0011751_nmroned_2058_33777.txt,HMDB0011751,oned_h1
HMDB0000094_nmroned_1080_28146.txt,HMDB0000094,oned_h1
HMDB0001936_nmroned_1814_32707.txt,HMDB0001936,oned_h1
HMDB0003345_nmroned_1953_33298.txt,HMDB0003345,oned_h1
HMDB0000802_nmroned_1546_30876.txt,HMDB0000802,oned_h1
HMDB0000254_nmroned_1285_29018.txt,HMDB0000254,oned_h1
HMDB0000538_nmroned_1411_29694.txt,HMDB0000538,oned_h1
HMDB0000207_nmroned_1190_28622.txt,HMDB0000207,oned_h1
HMDB0002303_nmroned_1871_32945.txt,HMDB0002303,oned_h1
HMDB0000244_nmroned_1268_28945.txt,HMDB0000244,oned_h1
HMDB0000491_nmroned_5278_2765959.txt,HMDB0000491,oned_h1
HMDB0002144_nmroned_1859_32893.txt,HMDB0002144,oned_h1
HMDB0000946_nmroned_5174_2733740.txt,HMDB0000946,oned_h1
HMDB0001020_nmroned_1633_31493.txt,HMDB0001020,oned_h1
HMDB0001262_nmroned_1673_31694.txt,HMDB0001262,oned_h1
HMDB0000905_nmroned_1597_31204.txt,HMDB0000905,oned_h1
HMDB0001922_nmroned_1801_32652.txt,HMDB0001922,oned_h1
HMDB0000064_nmroned_1064_28078.txt,HMDB0000064,oned_h1
HMDB0000812_nmroned_1272_28961.txt,HMDB0000812,oned_h1
HMDB0000651_nmroned_5291_2772794.txt,HMDB0000651,oned_h1
HMDB0000423_nmroned_1363_29360.txt,HMDB0000423,oned_h1
HMDB0000484_nmroned_1390_29558.txt,HMDB0000484,oned_h1
HMDB0005807_nmroned_2029_33642.txt,HMDB0005807,oned_h1
HMDB0000574_nmroned_1426_29847.txt,HMDB0000574,oned_h1
HMDB0004999_nmroned_2014_33570.txt,HMDB0004999,oned_h1
HMDB0000339_nmroned_1336_29236.txt,HMDB0000339,oned_h1
HMDB0002368_nmroned_1884_32996.txt,HMDB0002368,oned_h1
HMDB0000295_nmroned_1318_29155.txt,HMDB0000295,oned_h1
HMDB0000162_nmroned_1122_28332.txt,HMDB0000162,oned_h1
HMDB0000684_nmroned_1476_30366.txt,HMDB0000684,oned_h1
HMDB0006024_nmroned_2034_33665.txt,HMDB0006024,oned_h1
HMDB0000238_nmroned_1259_28907.txt,HMDB0000238,oned_h1
HMDB0000926_nmroned_1606_31273.txt,HMDB0000926,oned_h1
HMDB0004321_nmroned_1960_33326.txt,HMDB0004321,oned_h1
HMDB0004812_nmroned_2005_33534.txt,HMDB0004812,oned_h1
HMDB0000286_nmroned_5217_2733953.txt,HMDB0000286,oned_h1
HMDB0000763_nmroned_1529_30796.txt,HMDB0000763,oned_h1
HMDB0000149_nmroned_1170_28535.txt,HMDB0000149,oned_h1
HMDB0003243_nmroned_1939_33235.txt,HMDB0003243,oned_h1
HMDB0000732_nmroned_1506_30631.txt,HMDB0000732,oned_h1
HMDB0004043_nmroned_1988_33457.txt,HMDB0004043,oned_h1
HMDB0003546_nmroned_1976_33401.txt,HMDB0003546,oned_h1
HMDB0000085_nmroned_1075_28123.txt,HMDB0000085,oned_h1
HMDB0000168_nmroned_1132_28376.txt,HMDB0000168,oned_h1
HMDB0004998_nmroned_2013_33567.txt,HMDB0004998,oned_h1
HMDB0000133_nmroned_1103_28248.txt,HMDB0000133,oned_h1
HMDB0000479_nmroned_1234_28804.txt,HMDB0000479,oned_h1
HMDB0005008_nmroned_2017_33585.txt,HMDB0005008,oned_h1
HMDB0001065_nmroned_1639_31532.txt,HMDB0001065,oned_h1
HMDB0000402_nmroned_1356_29327.txt,HMDB0000402,oned_h1
HMDB0000641_nmroned_1244_28844.txt,HMDB0000641,oned_h1
HMDB0001893_nmroned_1786_32245.txt,HMDB0001893,oned_h1
HMDB0001972_nmroned_1825_32754.txt,HMDB0001972,oned_h1
HMDB0000017_nmroned_1032_27933.txt,HMDB0000017,oned_h1
HMDB0000674_nmroned_1472_30322.txt,HMDB0000674,oned_h1
HMDB0001848_nmroned_1752_32052.txt,HMDB0001848,oned_h1
HMDB0011614_nmroned_2045_33719.txt,HMDB0011614,oned_h1
HMDB0000148_nmroned_1168_28527.txt,HMDB0000148,oned_h1
HMDB0000190_nmroned_1162_28503.txt,HMDB0000190,oned_h1
HMDB0340579_nmroned_1341_29260.txt,HMDB0340579,oned_h1
HMDB0000153_nmroned_1114_28298.txt,HMDB0000153,oned_h1
HMDB0001370_nmroned_1690_31773.txt,HMDB0001370,oned_h1
HMDB0000174_nmroned_5279_2765982.txt,HMDB0000174,oned_h1
HMDB0001991_nmroned_1830_32775.txt,HMDB0001991,oned_h1
HMDB0000310_nmroned_1327_29194.txt,HMDB0000310,oned_h1
HMDB0006483_nmroned_2041_33699.txt,HMDB0006483,oned_h1
HMDB0000549_nmroned_1416_29742.txt,HMDB0000549,oned_h1
HMDB0003119_nmroned_1928_33188.txt,HMDB0003119,oned_h1
HMDB0000248_nmroned_1276_28979.txt,HMDB0000248,oned_h1
HMDB0002243_nmroned_1868_32932.txt,HMDB0002243,oned_h1
HMDB0001368_nmroned_1689_31768.txt,HMDB0001368,oned_h1
HMDB0001545_nmroned_1729_31944.txt,HMDB0001545,oned_h1
HMDB0005842_nmroned_2031_33651.txt,HMDB0005842,oned_h1
HMDB0000832_nmroned_1561_30961.txt,HMDB0000832,oned_h1
HMDB0002428_nmroned_1889_33017.txt,HMDB0002428,oned_h1
HMDB0000903_nmroned_1595_31183.txt,HMDB0000903,oned_h1
HMDB0001645_nmroned_1741_32000.txt,HMDB0001645,oned_h1
HMDB0001451_nmroned_1710_31861.txt,HMDB0001451,oned_h1
HMDB0000808_nmroned_1551_30896.txt,HMDB0000808,oned_h1
HMDB0000393_nmroned_1353_29313.txt,HMDB0000393,oned_h1
HMDB0001849_nmroned_1753_32056.txt,HMDB0001849,oned_h1
HMDB0002003_nmroned_1832_32784.txt,HMDB0002003,oned_h1
