bin_index,ppm,importance
0,0.0,0.00023140813003154717
1,0.02506265664160401,0.0
2,0.05012531328320802,0.0
3,0.07518796992481203,6.711615354286306e-07
4,0.10025062656641603,0.0
5,0.12531328320802004,0.0
6,0.15037593984962405,0.0
7,0.17543859649122806,0.0
8,0.20050125313283207,3.7791677119509045e-07
9,0.22556390977443608,0.0
10,0.2506265664160401,2.909429951121015e-05
11,0.2756892230576441,4.219760663952181e-05
12,0.3007518796992481,1.6227421076593202e-05
13,0.3258145363408521,5.1142481424067846e-05
14,0.3508771929824561,3.096573556005534e-06
15,0.37593984962406013,3.736189299788944e-05
16,0.40100250626566414,2.6586756012309143e-06
17,0.42606516290726815,0.0
18,0.45112781954887216,2.1405692687269312e-05
19,0.47619047619047616,3.5243501933055974e-06
20,0.5012531328320802,4.396398988325561e-05
21,0.5263157894736842,0.00012241481669021908
22,0.5513784461152882,2.647020373413238e-07
23,0.5764411027568922,4.930611058797345e-05
24,0.6015037593984962,0.00010717573701959313
25,0.6265664160401002,1.1533133052370006e-05
26,0.6516290726817042,0.000574799998591805
27,0.6766917293233082,0.0004490746281179811
28,0.7017543859649122,5.749598884201315e-05
29,0.7268170426065163,5.058080202569431e-05
30,0.7518796992481203,0.00019192880585996777
31,0.7769423558897243,8.304043841565684e-05
32,0.8020050125313283,0.000674522657009737
33,0.8270676691729323,0.00786740227956768
34,0.8521303258145363,0.013398318867725124
35,0.8771929824561403,0.010616426954240548
36,0.9022556390977443,0.012185260204805915
37,0.9273182957393483,0.00396097357440216
38,0.9523809523809523,0.0021192168738675106
39,0.9774436090225563,0.002142172416135186
40,1.0025062656641603,0.004519269969848388
41,1.0275689223057642,0.0016141721129449395
42,1.0526315789473684,0.0013865894511660732
43,1.0776942355889725,0.0024607039305421007
44,1.1027568922305764,0.0055509793344035606
45,1.1278195488721803,0.0050931977031449015
46,1.1528822055137844,0.0020999038891817067
47,1.1779448621553885,0.001974703096517992
48,1.2030075187969924,0.003552828132421625
49,1.2280701754385963,0.006915782417005253
50,1.2531328320802004,0.01327946216703458
51,1.2781954887218046,0.01517180735081012
52,1.3032581453634084,0.014121674243011497
53,1.3283208020050123,0.012859529234507103
54,1.3533834586466165,0.006676525933170818
55,1.3784461152882206,0.006005217077592342
56,1.4035087719298245,0.005607230986139914
57,1.4285714285714284,0.005120744933918022
58,1.4536340852130325,0.0065335867583145605
59,1.4786967418546366,0.00567629955776194
60,1.5037593984962405,0.015309394676243837
61,1.5288220551378444,0.012776919553357757
62,1.5538847117794485,0.013644913470142218
63,1.5789473684210527,0.006852904543443155
64,1.6040100250626566,0.015215680510144438
65,1.6290726817042605,0.012912827331536534
66,1.6541353383458646,0.007523749216942683
67,1.6791979949874687,0.00523377665817232
68,1.7042606516290726,0.005753135969518229
69,1.7293233082706765,0.0046288469056865395
70,1.7543859649122806,0.007546852629801877
71,1.7794486215538847,0.00406409343005917
72,1.8045112781954886,0.003086706396532179
73,1.8295739348370925,0.003237907769069754
74,1.8546365914786966,0.004996173779952756
75,1.8796992481203008,0.004767575110539789
76,1.9047619047619047,0.004162447027577811
77,1.9298245614035086,0.002602160221111996
78,1.9548872180451127,0.0030340630611052823
79,1.9799498746867168,0.003438479298364449
80,2.0050125313283207,0.0032412768703733276
81,2.0300751879699246,0.0057176392935430675
82,2.0551378446115285,0.004199885131461203
83,2.080200501253133,0.004480331044138434
84,2.1052631578947367,0.003558354254574259
85,2.1303258145363406,0.004964822150050893
86,2.155388471177945,0.007461576511899842
87,2.180451127819549,0.008989266903865556
88,2.2055137844611528,0.005790278994568607
89,2.2305764411027567,0.002516778370535257
90,2.2556390977443606,0.0038430108717344797
91,2.280701754385965,0.00451653903425712
92,2.305764411027569,0.004663858126077388
93,2.3308270676691727,0.007362201848418492
94,2.355889724310777,0.006398515914081646
95,2.380952380952381,0.005675941039597886
96,2.406015037593985,0.004434148442670792
97,2.4310776942355887,0.004253615361106783
98,2.4561403508771926,0.003175479754751008
99,2.481203007518797,0.0023443027576608697
100,2.506265664160401,0.0031475564371844606
101,2.5313283208020048,0.0029525624097374425
102,2.556390977443609,0.002050852183684785
103,2.581453634085213,0.0021608392230414836
104,2.606516290726817,0.0028178884200750587
105,2.631578947368421,0.004073788090379539
106,2.6566416040100247,0.0019066245724478415
107,2.681704260651629,0.0024907014705427776
108,2.706766917293233,0.0028413017804960043
109,2.731829573934837,0.001681226388769359
110,2.756892230576441,0.000975132298713255
111,2.781954887218045,0.0010887247257897797
112,2.807017543859649,0.0033480463114599155
113,2.832080200501253,0.0029821655595435627
114,2.8571428571428568,0.001620279166072097
115,2.882205513784461,0.0017091536257347515
116,2.907268170426065,0.0014498035132888567
117,2.932330827067669,0.0008796177713128582
118,2.9573934837092732,0.0042734870203999745
119,2.982456140350877,0.003566926235122067
120,3.007518796992481,0.005413946319716115
121,3.032581453634085,0.005006611270344373
122,3.057644110275689,0.0014838201402135112
123,3.082706766917293,0.0026007388539398342
124,3.107769423558897,0.002651782393685308
125,3.132832080200501,0.001850192658335121
126,3.1578947368421053,0.003656281682381599
127,3.182957393483709,0.0033123735628519555
128,3.208020050125313,0.002703186550866706
129,3.233082706766917,0.0027372145804942434
130,3.258145363408521,0.0020664229964660443
131,3.2832080200501252,0.0028003614364003437
132,3.308270676691729,0.0020211265667677393
133,3.333333333333333,0.001986311170954916
134,3.3583959899749374,0.002492645099418436
135,3.3834586466165413,0.0018251606804341564
136,3.408521303258145,0.0019416873685501176
137,3.433583959899749,0.002775484900807981
138,3.458646616541353,0.0036792075711970106
139,3.4837092731829573,0.001874259159065173
140,3.508771929824561,0.002892967440548071
141,3.533834586466165,0.004894971290346565
142,3.5588972431077694,0.006725251655026315
143,3.5839598997493733,0.007407469741407922
144,3.6090225563909772,0.005853706847781047
145,3.634085213032581,0.01703617655752611
146,3.659147869674185,0.015100291189112214
147,3.6842105263157894,0.008655469415773458
148,3.7092731829573933,0.010928553746938068
149,3.734335839598997,0.011337667391542452
150,3.7593984962406015,0.008747679513213268
151,3.7844611528822054,0.010599285980412841
152,3.8095238095238093,0.011403150862582699
153,3.834586466165413,0.007534560160976078
154,3.859649122807017,0.009421400864998352
155,3.8847117794486214,0.006992640880478802
156,3.9097744360902253,0.0049875715107369515
157,3.9348370927318292,0.005451158346420886
158,3.9598997493734336,0.004017353755865662
159,3.9849624060150375,0.005481069450047084
160,4.010025062656641,0.005159773438697676
161,4.035087719298246,0.00460728524438375
162,4.060150375939849,0.004122340255566918
163,4.0852130325814535,0.0033263151539265064
164,4.110275689223057,0.002162840350963766
165,4.135338345864661,0.002844431152644923
166,4.160401002506266,0.003505765419871903
167,4.185463659147869,0.0038898705685583056
168,4.2105263157894735,0.003367567132089192
169,4.235588972431078,0.003083869257799919
170,4.260651629072681,0.0036463628216994943
171,4.285714285714286,0.0033989313223384394
172,4.31077694235589,0.007447635501256841
173,4.335839598997493,0.003659187701826668
174,4.360902255639098,0.0026416525925796524
175,4.385964912280701,0.0018846280336995466
176,4.4110275689223055,0.0025067956887369247
177,4.43609022556391,0.001746815671274299
178,4.461152882205513,0.0019361798040497407
179,4.486215538847118,0.001192922328258365
180,4.511278195488721,0.001157469390465655
181,4.5363408521303255,0.0010072025971730846
182,4.56140350877193,0.0014251494487454003
183,4.586466165413533,0.0012397352770200949
184,4.611528822055138,0.0012599715797350186
185,4.636591478696742,0.0014366160758693073
186,4.661654135338345,0.0009255603907857284
187,4.68671679197995,0.0007616939440740289
188,4.711779448621554,0.001163819630118227
189,4.7368421052631575,0.0008067013360445088
190,4.761904761904762,0.00038637802481519405
191,4.786967418546365,0.00012669209416520268
192,4.81203007518797,0.00017675348235950597
193,4.837092731829574,0.00010122056208957674
194,4.8621553884711775,6.191358939601661e-05
195,4.887218045112782,0.0
196,4.912280701754385,5.877586025185655e-05
197,4.93734335839599,1.1377547059324403e-05
198,4.962406015037594,0.0003985999877013304
199,4.987468671679197,0.0002444932313115726
200,5.012531328320802,0.0005854781639428827
201,5.037593984962406,0.00013068173095282494
202,5.0626566416040095,1.583826691074095e-06
203,5.087719298245614,0.0003081230864673002
204,5.112781954887218,0.0014067587362046766
205,5.137844611528822,0.0
206,5.162907268170426,0.00015364102858071347
207,5.1879699248120295,0.00021660949043565887
208,5.213032581453634,0.0035348343393734162
209,5.238095238095238,0.0007964082779743899
210,5.263157894736842,0.00125857610974179
211,5.288220551378446,0.0003252262530562505
212,5.313283208020049,0.0009981408739609464
213,5.338345864661654,0.0008385003824122165
214,5.363408521303258,0.0012890281539002881
215,5.3884711779448615,0.0009629268057449968
216,5.413533834586466,0.0011646337145571034
217,5.43859649122807,0.0007390364953343583
218,5.463659147869674,0.00039041364629211346
219,5.488721804511278,6.466981549772405e-05
220,5.513784461152882,0.00015706482502777716
221,5.538847117794486,0.0005634058374774955
222,5.56390977443609,0.0012044295523637315
223,5.588972431077694,0.0015386941584017333
224,5.614035087719298,0.0013120790197697504
225,5.639097744360902,0.0010361014495243767
226,5.664160401002506,0.00031170843861625606
227,5.68922305764411,5.460928416744591e-05
228,5.7142857142857135,0.00021843741002379468
229,5.739348370927318,0.00016307086585361208
230,5.764411027568922,0.00029632578999792857
231,5.789473684210526,0.0002035304163720208
232,5.81453634085213,0.00031685165806251013
233,5.839598997493734,0.000628352231102923
234,5.864661654135338,8.824295947661085e-05
235,5.889724310776942,0.00047959264664382875
236,5.9147869674185465,0.0007652571753068481
237,5.93984962406015,0.00044195297225349994
238,5.964912280701754,0.0008028503991297781
239,5.989974937343358,0.0007690634526766881
240,6.015037593984962,0.0004771044753868606
241,6.040100250626566,0.00011968675960282619
242,6.06516290726817,0.0
243,6.090225563909774,0.0007378680009504765
244,6.115288220551378,0.002889287529512101
245,6.140350877192982,0.0010365931857891834
246,6.165413533834586,0.0005180007709677995
247,6.19047619047619,0.0006071855939465079
248,6.215538847117794,0.0004970190134010221
249,6.2406015037593985,0.00024601347353978215
250,6.265664160401002,0.0005602726271920542
251,6.290726817042606,0.0005975238293483594
252,6.315789473684211,0.0005285484615870356
253,6.340852130325814,0.0006361820540228187
254,6.365914786967418,0.0009246071309280356
255,6.390977443609022,0.0008992839504977743
256,6.416040100250626,0.0005718323413074815
257,6.4411027568922306,0.0011574504600156388
258,6.466165413533834,0.0009994312990660044
259,6.491228070175438,0.00023936249763803166
260,6.516290726817042,0.0005142218308640243
261,6.541353383458646,0.000384259714130517
262,6.5664160401002505,0.0006857823783860601
263,6.591478696741854,0.0002949032530566802
264,6.616541353383458,0.00030144943138343404
265,6.641604010025063,0.0004292804764668684
266,6.666666666666666,0.0005781617239715628
267,6.69172932330827,0.001493892590817788
268,6.716791979949875,0.0019543674138047394
269,6.741854636591478,0.0014587867506116556
270,6.7669172932330826,0.0023494186821991277
271,6.791979949874686,0.002855371258688685
272,6.81704260651629,0.0031936966992548678
273,6.842105263157895,0.008210750008205446
274,6.867167919799498,0.010382518909707438
275,6.8922305764411025,0.007156026190875374
276,6.917293233082706,0.009953354006825404
277,6.94235588972431,0.006755995873898421
278,6.967418546365915,0.00516772993298462
279,6.992481203007518,0.004694308463491273
280,7.017543859649122,0.0022752345518191426
281,7.042606516290727,0.0035781658413070665
282,7.06766917293233,0.0005965876128443384
283,7.0927318295739346,0.001440339519382546
284,7.117794486215539,0.0018256710590676922
285,7.142857142857142,0.0021039577390134915
286,7.167919799498747,0.00315643618614817
287,7.19298245614035,0.0017809824886828426
288,7.2180451127819545,0.0037977783674034322
289,7.243107769423559,0.0032477221719075886
290,7.268170426065162,0.0015331581615639187
291,7.293233082706767,0.005540566063550692
292,7.31829573934837,0.010005861312798396
293,7.343358395989974,0.0061802559117211595
294,7.368421052631579,0.0032758883075439693
295,7.393483709273182,0.005148886801683084
296,7.4185463659147866,0.002620431287240965
297,7.443609022556391,0.0042704396272528625
298,7.468671679197994,0.010000527651294354
299,7.493734335839599,0.003083865146194709
300,7.518796992481203,0.004795475562993623
301,7.5438596491228065,0.00316932112291035
302,7.568922305764411,0.0015156088972206516
303,7.593984962406014,0.002718796273350012
304,7.619047619047619,0.003431557345677835
305,7.644110275689223,0.0026426407954362164
306,7.669172932330826,0.00191075835091661
307,7.694235588972431,0.00032988843908165143
308,7.719298245614034,0.0008847837497539092
309,7.744360902255639,0.0008176515768781229
310,7.769423558897243,0.0028179562283913977
311,7.794486215538846,0.0006083011584621582
312,7.819548872180451,0.0012946657358487372
313,7.844611528822055,0.000923655328804607
314,7.8696741854636585,0.0004324241330490715
315,7.894736842105263,0.0003643636878977538
316,7.919799498746867,0.000848188197583729
317,7.944862155388471,0.001046536642730703
318,7.969924812030075,0.0010350838268576622
319,7.994987468671678,0.0005027717245246158
320,8.020050125313283,0.0006522091271851986
321,8.045112781954886,9.56782854590557e-05
322,8.070175438596491,0.001450275301017398
323,8.095238095238095,0.00045937554053344964
324,8.120300751879698,0.00021250723925324985
325,8.145363408521304,0.00032116730716623995
326,8.170426065162907,0.0004644561737735285
327,8.19548872180451,0.002550308696008925
328,8.220551378446114,0.0013767983787708116
329,8.24561403508772,0.000290297499784962
330,8.270676691729323,0.0003797956865772223
331,8.295739348370926,0.00029624086429463214
332,8.320802005012531,0.0009489184573603986
333,8.345864661654135,0.00014973346300550526
334,8.370927318295738,0.0
335,8.395989974937343,0.0
336,8.421052631578947,0.0001880179528407983
337,8.44611528822055,0.00022388026996959153
338,8.471177944862156,0.00010548909557902785
339,8.496240601503759,0.0002533621217548745
340,8.521303258145362,0.0002555896078737849
341,8.546365914786968,7.151143379499478e-05
342,8.571428571428571,1.956941820526329e-05
343,8.596491228070175,0.00036820183433372675
344,8.62155388471178,0.0
345,8.646616541353383,4.718755020058623e-05
346,8.671679197994987,0.00015660597460733644
347,8.69674185463659,0.00018007881939384205
348,8.721804511278195,0.0
349,8.746867167919799,0.0
350,8.771929824561402,0.00010009307133471275
351,8.796992481203008,0.0
352,8.822055137844611,2.474363617582845e-05
353,8.847117794486214,0.0
354,8.87218045112782,3.702043271291051e-05
355,8.897243107769423,0.0003097765874492123
356,8.922305764411027,0.00015616419172304052
357,8.947368421052632,2.638718997598306e-05
358,8.972431077694235,6.246888400209251e-05
359,8.997493734335839,6.786529271206988e-05
360,9.022556390977442,0.00035112305282916813
361,9.047619047619047,0.0
362,9.072681704260651,0.0
363,9.097744360902254,1.3815871222294014e-05
364,9.12280701754386,2.9790774124608872e-05
365,9.147869674185463,0.0
366,9.172932330827066,0.0
367,9.197994987468672,0.00017342670541458513
368,9.223057644110275,0.0
369,9.248120300751879,0.0
370,9.273182957393484,0.0
371,9.298245614035087,0.00010540803252676999
372,9.32330827067669,0.0
373,9.348370927318296,0.0
374,9.3734335839599,0.0002056969570939226
375,9.398496240601503,0.00017973456167476277
376,9.423558897243108,0.0
377,9.448621553884712,0.0
378,9.473684210526315,1.8996797636823428e-05
379,9.498746867167918,0.0
380,9.523809523809524,0.0
381,9.548872180451127,0.0
382,9.57393483709273,0.0
383,9.598997493734336,0.0
384,9.62406015037594,0.0
385,9.649122807017543,0.0
386,9.674185463659148,0.0011882977790092966
387,9.699248120300751,0.0
388,9.724310776942355,0.0
389,9.74937343358396,0.0
390,9.774436090225564,0.0012459769055931664
391,9.799498746867167,0.0
392,9.82456140350877,0.0
393,9.849624060150376,0.0
394,9.87468671679198,0.0
395,9.899749373433583,0.0
396,9.924812030075188,0.0
397,9.949874686716791,7.149212072640688e-05
398,9.974937343358395,0.0
399,10.0,0.0
